id,trigger,conditions,script,text,options,notes
# START NGC OPTIONS,,,,,,
ExerelinOnNewGameCreationStart,BeginNewGameCreation,!$doesFakeVariableExist score:999,"$isInIntro = true 0
$introPage = 1.0 0
FireBest ExerelinNGCIntroPage",,,override SS+ NGC
,,,,,,
ExerelinNGCIntroNextPage,NewGameOptionSelected,$option==exerelinNGCIntroNextPage,"$introPage++
FireBest ExerelinNGCIntroPage",,,
ExerelinNGCIntroPrevPage,NewGameOptionSelected,$option==exerelinNGCIntroPrevPage,"$introPage--
FireBest ExerelinNGCIntroPage",,,
#introPage needs to be a float,,,,,,
ExerelinNGCIntro1,ExerelinNGCIntroPage,"$introPage == 1.0
$isInIntro",,"Welcome to the Exerelin mod for Starsector!

Exerelin is essentially a 4X game set in a corner of the Starsector universe. Factions within the sector will wage war, create alliances and compete to control a greater share of the sector.

Exerelin is compatible with a large number of community made faction mods, which you can add for a more varied gameplay experience.","exerelinNGCIntroNextPage:Next
exerelinNGCIntroEnd:Skip",
ExerelinNGCIntro2,ExerelinNGCIntroPage,"$introPage == 2.0
$isInIntro",,"Your actions will gain/lose you influence with the factions in the Sector. The higher your influence with a faction, the greater access to their support and technology you will have.

At the start of the game, you pick a faction to join. You are a representative of your chosen faction, and your actions in the Sector will reflect on them. 

You can move to another faction later, if you can earn their trust. You can also choose to go it alone and set up your own empire.","exerelinNGCIntroNextPage:Next
exerelinNGCIntroPrevPage:Previous
exerelinNGCIntroEnd:Skip",
ExerelinNGCIntro3,ExerelinNGCIntroPage,"$introPage == 3.0
$isInIntro",,Have fun and please leave any feedback on the Starsector forums :),"exerelinNGCIntroEnd:Start playing
exerelinNGCIntroPrevPage:Previous",
ExerelinNGCIntroEnd,NewGameOptionSelected,$option==exerelinNGCIntroEnd,"$isInIntro = false
FireAll ExerelinNGCStep1",,,
,,,,,,
,,,,,,
ExerelinNewGameOptionsEnter,ExerelinNGCStep1,,"NGCGetExerelinDefaults
FireAll ExerelinNGCOptions",Configure the Exerelin cluster?,,"make sure this runs once per new game, so that Exerelin sector generation data is set up properly"
ExerelinNewGameOptionsBackToMain,NewGameOptionSelected,$option==exerelinNGCOptionsBack,FireAll ExerelinNGCOptions,,,
ExerelinNewGameOptionsPopulate,ExerelinNGCOptions,,,,"exerelinNGCOptionsDone:Proceed
7:exerelinNGCOtherOptions:Other options",
ExerelinNGCListOptionEnableCorvusMode,ExerelinNGCOptions,!$corvusMode,"SetTooltip exerelinNGCEnableCorvusMode ""Use the vanilla + mod-added sector map instead of randomly generated systems""",,exerelinNGCEnableCorvusMode:Enable Corvus Mode,
ExerelinNGCListOptionDisableCorvusMode,ExerelinNGCOptions,$corvusMode,"SetTooltip exerelinNGCDisableCorvusMode ""Use the vanilla + mod-added sector map instead of randomly generated systems""",,exerelinNGCDisableCorvusMode:Disable Corvus Mode,
ExerelinNewGameSectorConfig,ExerelinNGCOptions,!$corvusMode,"SetTooltip exerelinNGCSetNumFactions ""Note: pirates and independents are always present""",,"exerelinNGCSetNumSystems:Set number of star systems ($numSystems)
exerelinNGCSetNumSystemsEmpty:Set number of empty star systems ($numSystemsEmpty)
exerelinNGCSetMaxPlanets:Set max planets per system ($maxPlanets)
exerelinNGCSetMaxStations:Set max stations per system ($maxStations)
exerelinNGCSetNumFactions:Set number of factions at start ($numStartFactions)",
ExerelinNewGameChoicesDev,ExerelinNGCOptions,$global.isDevMode,,,100:exerelinNGCDevStart:>> (dev) quick start,
ExerelinNewGameOptionsDone,NewGameOptionSelected,$option==exerelinNGCOptionsDone,FireBest ExerelinNGCStep2,,,
,,,,,,
ExerelinNGCNumStarSystemsMenu,NewGameOptionSelected,$option==exerelinNGCSetNumSystems,,,"exerelinNGCNumSystems1:One
exerelinNGCNumSystems2:Two
exerelinNGCNumSystems4:Four
exerelinNGCNumSystems6:Six
exerelinNGCNumSystems8:Eight
exerelinNGCNumSystems10:Ten
exerelinNGCNumSystems12:Twelve
exerelinNGCNumSystems16:Sixteen
exerelinNGCOptionsBack:Back",
ExerelinNGCNumSystems1,NewGameOptionSelected,$option==exerelinNGCNumSystems1,"NGCSetNumSystems 1
AddText ""Set number of star systems to 1"" textFriendColor
FireAll ExerelinNGCOptions",,,
ExerelinNGCNumSystems2,NewGameOptionSelected,$option==exerelinNGCNumSystems2,"NGCSetNumSystems 2
AddText ""Set number of star systems to 2"" textFriendColor
FireAll ExerelinNGCOptions",,,
ExerelinNGCNumSystems4,NewGameOptionSelected,$option==exerelinNGCNumSystems4,"NGCSetNumSystems 4
AddText ""Set number of star systems to 4"" textFriendColor
FireAll ExerelinNGCOptions",,,
ExerelinNGCNumSystems6,NewGameOptionSelected,$option==exerelinNGCNumSystems6,"NGCSetNumSystems 6
AddText ""Set number of star systems to 6"" textFriendColor
FireAll ExerelinNGCOptions",,,
ExerelinNGCNumSystems8,NewGameOptionSelected,$option==exerelinNGCNumSystems8,"NGCSetNumSystems 8
AddText ""Set number of star systems to 8"" textFriendColor
FireAll ExerelinNGCOptions",,,
ExerelinNGCNumSystems10,NewGameOptionSelected,$option==exerelinNGCNumSystems10,"NGCSetNumSystems 10
AddText ""Set number of star systems to 10"" textFriendColor
FireAll ExerelinNGCOptions",,,
ExerelinNGCNumSystems12,NewGameOptionSelected,$option==exerelinNGCNumSystems12,"NGCSetNumSystems 12
AddText ""Set number of star systems to 12"" textFriendColor
FireAll ExerelinNGCOptions",,,
ExerelinNGCNumSystems16,NewGameOptionSelected,$option==exerelinNGCNumSystems16,"NGCSetNumSystems 16
AddText ""Set number of star systems to 16"" textFriendColor
FireAll ExerelinNGCOptions",,,
,,,,,,
ExerelinNGCNumStarSystemsEmptyMenu,NewGameOptionSelected,$option==exerelinNGCSetNumSystemsEmpty,,,"exerelinNGCNumSystemsEmpty0:Zero
exerelinNGCNumSystemsEmpty1:One
exerelinNGCNumSystemsEmpty2:Two
exerelinNGCNumSystemsEmpty3:Three
exerelinNGCNumSystemsEmpty4:Four
exerelinNGCNumSystemsEmpty6:Six
exerelinNGCNumSystemsEmpty8:Eight
exerelinNGCOptionsBack:Back",
ExerelinNGCNumSystemsEmpty0,NewGameOptionSelected,$option==exerelinNGCNumSystemsEmpty0,"NGCSetNumSystemsEmpty 0
AddText ""Set number of empty star systems to 0"" textFriendColor
FireAll ExerelinNGCOptions",,,
ExerelinNGCNumSystemsEmpty1,NewGameOptionSelected,$option==exerelinNGCNumSystemsEmpty1,"NGCSetNumSystemsEmpty 1
AddText ""Set number of empty star systems to 1"" textFriendColor
FireAll ExerelinNGCOptions",,,
ExerelinNGCNumSystemsEmpty2,NewGameOptionSelected,$option==exerelinNGCNumSystemsEmpty2,"NGCSetNumSystemsEmpty 2
AddText ""Set number of empty star systems to 2"" textFriendColor
FireAll ExerelinNGCOptions",,,
ExerelinNGCNumSystemsEmpty3,NewGameOptionSelected,$option==exerelinNGCNumSystemsEmpty3,"NGCSetNumSystemsEmpty 3
AddText ""Set number of empty star systems to 3"" textFriendColor
FireAll ExerelinNGCOptions",,,
ExerelinNGCNumSystemsEmpty4,NewGameOptionSelected,$option==exerelinNGCNumSystemsEmpty4,"NGCSetNumSystemsEmpty 4
AddText ""Set number of empty star systems to 4"" textFriendColor
FireAll ExerelinNGCOptions",,,
ExerelinNGCNumSystemsEmpty6,NewGameOptionSelected,$option==exerelinNGCNumSystemsEmpty6,"NGCSetNumSystemsEmpty 6
AddText ""Set number of empty star systems to 6"" textFriendColor
FireAll ExerelinNGCOptions",,,
ExerelinNGCNumSystemsEmpty8,NewGameOptionSelected,$option==exerelinNGCNumSystemsEmpty8,"NGCSetNumSystemsEmpty 8
AddText ""Set number of empty star systems to 8"" textFriendColor
FireAll ExerelinNGCOptions",,,
,,,,,,
ExerelinNGCMaxPlanetsMenu,NewGameOptionSelected,$option==exerelinNGCSetMaxPlanets,,,"exerelinNGCMaxPlanets2:Two
exerelinNGCMaxPlanets3:Three
exerelinNGCMaxPlanets4:Four
exerelinNGCMaxPlanets5:Five
exerelinNGCMaxPlanets6:Six
exerelinNGCMaxPlanets8:Eight
exerelinNGCMaxPlanets10:Ten
exerelinNGCMaxPlanets12:Twelve
exerelinNGCOptionsBack:Back",
ExerelinNGCMaxPlanets2,NewGameOptionSelected,$option==exerelinNGCMaxPlanets2,"NGCSetMaxPlanets 2
AddText ""Set maximum planets per system to 2"" textFriendColor
FireAll ExerelinNGCOptions",,,
ExerelinNGCMaxPlanets3,NewGameOptionSelected,$option==exerelinNGCMaxPlanets3,"NGCSetMaxPlanets 3
AddText ""Set maximum planets per system to 3"" textFriendColor
FireAll ExerelinNGCOptions",,,
ExerelinNGCMaxPlanets4,NewGameOptionSelected,$option==exerelinNGCMaxPlanets4,"NGCSetMaxPlanets 4
AddText ""Set maximum planets per system to 4"" textFriendColor
FireAll ExerelinNGCOptions",,,
ExerelinNGCMaxPlanets5,NewGameOptionSelected,$option==exerelinNGCMaxPlanets5,"NGCSetMaxPlanets 5
AddText ""Set maximum planets per system to 5"" textFriendColor
FireAll ExerelinNGCOptions",,,
ExerelinNGCMaxPlanets6,NewGameOptionSelected,$option==exerelinNGCMaxPlanets6,"NGCSetMaxPlanets 6
AddText ""Set maximum planets per system to 6"" textFriendColor
FireAll ExerelinNGCOptions",,,
ExerelinNGCMaxPlanets8,NewGameOptionSelected,$option==exerelinNGCMaxPlanets8,"NGCSetMaxPlanets 8
AddText ""Set maximum planets per system to 8"" textFriendColor
FireAll ExerelinNGCOptions",,,
ExerelinNGCMaxPlanets10,NewGameOptionSelected,$option==exerelinNGCMaxPlanets10,"NGCSetMaxPlanets 10
AddText ""Set maximum planets per system to 10"" textFriendColor
FireAll ExerelinNGCOptions",,,
ExerelinNGCMaxPlanets12,NewGameOptionSelected,$option==exerelinNGCMaxPlanets12,"NGCSetMaxPlanets 12
AddText ""Set maximum planets per system to 12"" textFriendColor
FireAll ExerelinNGCOptions",,,
,,,,,,
ExerelinNGCMaxStationsMenu,NewGameOptionSelected,$option==exerelinNGCSetMaxStations,,,"exerelinNGCMaxStations0:Zero
exerelinNGCMaxStations1:One
exerelinNGCMaxStations2:Two
exerelinNGCMaxStations3:Three
exerelinNGCMaxStations4:Four
exerelinNGCMaxStations5:Five
exerelinNGCMaxStations6:Six
exerelinNGCOptionsBack:Back",
ExerelinNGCMaxStations0,NewGameOptionSelected,$option==exerelinNGCMaxStations0,"NGCSetMaxStations 0
AddText ""Set maximum stations per system to 0"" textFriendColor
FireAll ExerelinNGCOptions",,,
ExerelinNGCMaxStations1,NewGameOptionSelected,$option==exerelinNGCMaxStations1,"NGCSetMaxStations 1
AddText ""Set maximum stations per system to 1"" textFriendColor
FireAll ExerelinNGCOptions",,,
ExerelinNGCMaxStations2,NewGameOptionSelected,$option==exerelinNGCMaxStations2,"NGCSetMaxStations 2
AddText ""Set maximum stations per system to 2"" textFriendColor
FireAll ExerelinNGCOptions",,,
ExerelinNGCMaxStations3,NewGameOptionSelected,$option==exerelinNGCMaxStations3,"NGCSetMaxStations 3
AddText ""Set maximum stations per system to 3"" textFriendColor
FireAll ExerelinNGCOptions",,,
ExerelinNGCMaxStations4,NewGameOptionSelected,$option==exerelinNGCMaxStations4,"NGCSetMaxStations 4
AddText ""Set maximum stations per system to 4"" textFriendColor
FireAll ExerelinNGCOptions",,,
ExerelinNGCMaxStations5,NewGameOptionSelected,$option==exerelinNGCMaxStations5,"NGCSetMaxStations 5
AddText ""Set maximum stations per system to 5"" textFriendColor
FireAll ExerelinNGCOptions",,,
ExerelinNGCMaxStations6,NewGameOptionSelected,$option==exerelinNGCMaxStations6,"NGCSetMaxStations 6
AddText ""Set maximum stations per system to 6"" textFriendColor
FireAll ExerelinNGCOptions",,,
,,,,,,
ExerelinNGCNumFactionsMenu,NewGameOptionSelected,$option==exerelinNGCSetNumFactions,,,"exerelinNGCNumFactions3:Three
exerelinNGCNumFactions5:Five
exerelinNGCNumFactions50%:50% of available factions
exerelinNGCNumFactions75%:75% of available factions
exerelinNGCNumFactionsAll:All available factions
exerelinNGCOptionsBack:Back",
ExerelinNGCNumFactions3,NewGameOptionSelected,$option==exerelinNGCNumFactions3,"NGCSetNumFactions 3 true
AddText ""Set number of starting factions to $numStartFactions"" textFriendColor
FireAll ExerelinNGCOptions",,,
ExerelinNGCNumFactions5,NewGameOptionSelected,$option==exerelinNGCNumFactions5,"NGCSetNumFactions 5 true
AddText ""Set number of starting factions to $numStartFactions"" textFriendColor
FireAll ExerelinNGCOptions",,,
ExerelinNGCNumFactions50%,NewGameOptionSelected,$option==exerelinNGCNumFactions50%,"NGCSetNumFactions 0.5 false
AddText ""Set number of starting factions to $numStartFactions"" textFriendColor
FireAll ExerelinNGCOptions",,,
ExerelinNGCNumFactions75%,NewGameOptionSelected,$option==exerelinNGCNumFactions75%,"NGCSetNumFactions 0.75 false
AddText ""Set number of starting factions to $numStartFactions"" textFriendColor
FireAll ExerelinNGCOptions",,,
ExerelinNGCNumFactionsAll,NewGameOptionSelected,$option==exerelinNGCNumFactionsAll,"NGCSetNumFactions -1 true
AddText ""All available factions will spawn at start"" textFriendColor
FireAll ExerelinNGCOptions",,,
,,,,,,
,,,,,,
ExerelinNGCOtherOptionsMenu,NewGameOptionSelected,$option==exerelinNGCOtherOptions,FireAll ExerelinNGCOtherOptions,,,
,,,,,,
ExerelinNGCListOptionEnableOmnifactory,ExerelinNGCOtherOptions,!$omniFacPresent,,,exerelinNGCEnableOmnifactory:Enable Omnifactory,
ExerelinNGCListOptionDisableOmnifactory,ExerelinNGCOtherOptions,$omniFacPresent,,,exerelinNGCDisableOmnifactory:Disable Omnifactory,
ExerelinNGCListOptionSetRandomOmnifactoryLocation,ExerelinNGCOtherOptions,"$omniFacPresent
!$randomOmnifactoryLocation",,,exerelinNGCSetOmnifactoryRandomLocation:Enable random location for Omnifactory,
ExerelinNGCListOptionUnsetRandomOmnifactoryLocation,ExerelinNGCOtherOptions,"$omniFacPresent
$randomOmnifactoryLocation",,,exerelinNGCUnsetOmnifactoryRandomLocation:Disable random location for Omnifactory,
ExerelinNGCListOptionEnablePrismMarket,ExerelinNGCOtherOptions,!$prismMarketPresent,,,exerelinNGCEnablePrismMarket:Enable Prism Freeport,
ExerelinNGCListOptionDisablePrismMarket,ExerelinNGCOtherOptions,$prismMarketPresent,,,exerelinNGCDisablePrismMarket:Disable Prism Freeport,
ExerelinNGCListOptionEnableRandomStartRelationships,ExerelinNGCOtherOptions,!$randomStartRelationships,,,exerelinNGCEnableRandomStartRelationships:Enable random faction relationships at start,
ExerelinNGCListOptionDisableRandomStartRelationships,ExerelinNGCOtherOptions,$randomStartRelationships,,,exerelinNGCDisableRandomStartRelationships:Disable random faction relationships at start,
ExerelinNGCListOptionEnableRespawnFactions,ExerelinNGCOtherOptions,!$respawnFactions,,,exerelinNGCEnableRespawnFactions:Enable faction respawning,
ExerelinNGCListOptionDisableRespawnFactions,ExerelinNGCOtherOptions,$respawnFactions,,,exerelinNGCDisableRespawnFactions:Disable faction respawning,
ExerelinNGCListOptionEnableRespawnAllFactions,ExerelinNGCOtherOptions,"$respawnFactions
$onlyRespawnStartingFactions",,,exerelinNGCEnableRespawnAllFactions:Enable respawning of factions not present at start,
ExerelinNGCListOptionDisableRespawnAllFactions,ExerelinNGCOtherOptions,"$respawnFactions
!$onlyRespawnStartingFactions",,,exerelinNGCDisableRespawnAllFactions:Disable respawning of factions not present at start,
ExerelinNGCListOptionEnableHardMode,ExerelinNGCOtherOptions,!$hardMode,"SetTooltip exerelinNGCEnableHardMode ""Hard mode: halved salary and insurance payments; other factions are more aggressive towards yours""",,exerelinNGCEnableHardMode:Enable Starfarer Mode,
ExerelinNGCListOptionDisableHardMode,ExerelinNGCOtherOptions,$hardMode,"SetTooltip exerelinNGCDisableHardMode ""Hard mode: halved salary and insurance payments; other factions are more aggressive towards yours""",,exerelinNGCDisableHardMode:Disable Starfarer Mode,
ExerelinNGCOtherOptionsBack,ExerelinNGCOtherOptions,,,,10:exerelinNGCOptionsBack:Back,
,,,,,,
ExerelinNGCEnableCorvusMode,NewGameOptionSelected,$option==exerelinNGCEnableCorvusMode,"NGCSetCorvusMode true
FireAll ExerelinNGCOptions",,,
ExerelinNGCDisableCorvusMode,NewGameOptionSelected,$option==exerelinNGCDisableCorvusMode,"NGCSetCorvusMode false
FireAll ExerelinNGCOptions",,,
ExerelinNGCEnableOmnifactory,NewGameOptionSelected,$option==exerelinNGCEnableOmnifactory,"NGCSetOmnifacEnabled true
FireAll ExerelinNGCOtherOptions",,,
ExerelinNGCDisableOmnifactory,NewGameOptionSelected,$option==exerelinNGCDisableOmnifactory,"NGCSetOmnifacEnabled false
FireAll ExerelinNGCOtherOptions",,,
ExerelinNGCEnablePrismMarket,NewGameOptionSelected,$option==exerelinNGCEnablePrismMarket,"NGCSetPrismMarketEnabled true
FireAll ExerelinNGCOtherOptions",,,
ExerelinNGCDisablePrismMarket,NewGameOptionSelected,$option==exerelinNGCDisablePrismMarket,"NGCSetPrismMarketEnabled false
FireAll ExerelinNGCOtherOptions",,,
ExerelinNGCSetRandomOmnifactoryLocation,NewGameOptionSelected,$option==exerelinNGCSetOmnifactoryRandomLocation,"NGCSetOmnifacRandomLocation true
FireAll ExerelinNGCOtherOptions",,,
ExerelinNGCUnsetRandomOmnifactoryLocation,NewGameOptionSelected,$option==exerelinNGCUnsetOmnifactoryRandomLocation,"NGCSetOmnifacRandomLocation false
FireAll ExerelinNGCOtherOptions",,,
ExerelinNGCEnableRandomStartRelationships,NewGameOptionSelected,$option==exerelinNGCEnableRandomStartRelationships,"NGCSetRandomStartRelationships true
FireAll ExerelinNGCOtherOptions",,,
ExerelinNGCDisableRandomStartRelationships,NewGameOptionSelected,$option==exerelinNGCDisableRandomStartRelationships,"NGCSetRandomStartRelationships false
FireAll ExerelinNGCOtherOptions",,,
ExerelinNGCEnableRespawnFactions,NewGameOptionSelected,$option==exerelinNGCEnableRespawnFactions,"NGCSetRespawnFactions true
FireAll ExerelinNGCOtherOptions",,,
ExerelinNGCDisableRespawnFactions,NewGameOptionSelected,$option==exerelinNGCDisableRespawnFactions,"NGCSetRespawnFactions false
FireAll ExerelinNGCOtherOptions",,,
ExerelinNGCEnableRespawnAllFactions,NewGameOptionSelected,$option==exerelinNGCEnableRespawnAllFactions,"NGCSetRespawnAllFactions true
FireAll ExerelinNGCOtherOptions",,,
ExerelinNGCDisableRespawnAllFactions,NewGameOptionSelected,$option==exerelinNGCDisableRespawnAllFactions,"NGCSetRespawnAllFactions false
FireAll ExerelinNGCOtherOptions",,,
ExerelinNGCEnableHardMode,NewGameOptionSelected,$option==exerelinNGCEnableHardMode,"NGCSetHardMode true
FireAll ExerelinNGCOtherOptions",,,
ExerelinNGCDisableHardMode,NewGameOptionSelected,$option==exerelinNGCDisableHardMode,"NGCSetHardMode false
FireAll ExerelinNGCOtherOptions",,,
,,,,,,
ExerelinNGCJoin,ExerelinNGCStep2,,FireAll ExerelinNGCListFactions,Which faction would you like to join?,,
ExerelinNGCFactionsBackToMain,NewGameOptionSelected,$option==exerelinNGCFactionsBack,FireAll ExerelinNGCListFactions,,,
ExerelinNGCFactionsMain,ExerelinNGCListFactions,,,,"exerelinNGCViewVanillaFactions:Vanilla factions
99:exerelinNGCOptionsBack:Back",maybe we should just do it straight alphabetical instead of segregating vanilla factions into their own category
ExerelinNGCViewVanillaFactions,NewGameOptionSelected,$option == exerelinNGCViewVanillaFactions,FireAll ExerelinNGCListFactionsVanilla,,,
ExerelinNGCModFactions1,ExerelinNGCListFactions,,,,exerelinNGCViewModFactions1:Mod factions (A-F),Should check if factions are actually there
ExerelinNGCViewModFactions1,NewGameOptionSelected,$option == exerelinNGCViewModFactions1,FireAll ExerelinNGCListFactions1,,,
ExerelinNGCModFactions2,ExerelinNGCListFactions,,,,exerelinNGCViewModFactions2:Mod factions (H-M),ditto
ExerelinNGCViewModFactions2,NewGameOptionSelected,$option == exerelinNGCViewModFactions2,FireAll ExerelinNGCListFactions2,,,
ExerelinNGCModFactions3,ExerelinNGCListFactions,,,,exerelinNGCViewModFactions3:Mod factions (N-P),
ExerelinNGCViewModFactions3,NewGameOptionSelected,$option == exerelinNGCViewModFactions3,FireAll ExerelinNGCListFactions3,,,
ExerelinNGCModFactions4,ExerelinNGCListFactions,,,,exerelinNGCViewModFactions4:Mod factions (R-Z),
ExerelinNGCViewModFactions4,NewGameOptionSelected,$option == exerelinNGCViewModFactions4,FireAll ExerelinNGCListFactions4,,,
,,,,,,
ExerelinNGCFactionsQuickStart,ExerelinNGCListFactions,$global.isDevMode,,,100:exerelinNGCDevStart:>> (dev) quick start,
,,,,,,
ExerelinNGCListHegemony,ExerelinNGCListFactionsVanilla,NGCDoesFactionExist hegemony,,,exerelinNGCJoinHegemony:Hegemony,
ExerelinNGCListTriTachyon,ExerelinNGCListFactionsVanilla,NGCDoesFactionExist tritachyon,,,exerelinNGCJoinTriTachyon:Tri-Tachyon,
ExerelinNGCListLuddicChurch,ExerelinNGCListFactionsVanilla,NGCDoesFactionExist luddic_church,,,exerelinNGCJoinLuddicChurch:Luddic Church,
ExerelinNGCListSindrianDiktat,ExerelinNGCListFactionsVanilla,NGCDoesFactionExist sindrian_diktat,,,exerelinNGCJoinSindrianDiktat:Sindrian Diktat,
ExerelinNGCListPirates,ExerelinNGCListFactionsVanilla,NGCDoesFactionExist pirates,,,exerelinNGCJoinPirate:Pirates (hard),
ExerelinNGCFactionsOwnFaction,ExerelinNGCListFactionsVanilla,,,,exerelinNGCOwnFaction:Own faction,
ExerelinNGCFactionsFreeStart,ExerelinNGCListFactionsVanilla,,,,exerelinNGCFreeStart:Free start (hard),
ExerelinNGCListVanillaFactionsBack,ExerelinNGCListFactionsVanilla,,,,20:exerelinNGCFactionsBack:Back,
,,,,,,
ExerelinNGCListExipirated,ExerelinNGCListFactions1,NGCDoesFactionExist exipirated,,,exerelinNGCJoinExipirated:Ahriman Association,
ExerelinNGCListApprolight,ExerelinNGCListFactions1,NGCDoesFactionExist approlight,,,exerelinNGCJoinApprolight:Approlight,
ExerelinNGCListASPSyndicate,ExerelinNGCListFactions1,NGCDoesFactionExist syndicate_asp,,,exerelinNGCJoinASPSyndicate:ASP Syndicate,
ExerelinNGCListBlackrock,ExerelinNGCListFactions1,NGCDoesFactionExist blackrock_driveyards,,,exerelinNGCJoinBlackrock:Blackrock Drive Yards,
ExerelinNGCListCitadel,ExerelinNGCListFactions1,NGCDoesFactionExist citadeldefenders,,,exerelinNGCJoinCitadel:Citadel,
ExerelinNGCListCrystanite,ExerelinNGCListFactions1,NGCDoesFactionExist crystanite,,,exerelinNGCJoinCrystanite:Crystanite,
ExerelinNGCListDiableAvionics,ExerelinNGCListFactions1,NGCDoesFactionExist diableavionics,,,exerelinNGCJoinDiableAvionics:Diable Avionics,
ExerelinNGCListExigency,ExerelinNGCListFactions1,NGCDoesFactionExist exigency,,,exerelinNGCJoinExigency:Exigency Corp,
ExerelinNGCListFirestormFederation,ExerelinNGCListFactions1,NGCDoesFactionExist firestorm_federation,,,exerelinNGCJoinFirestormFederation:Firestorm Federation,
ExerelinNGCListModFactions1Back,ExerelinNGCListFactions1,,,,20:exerelinNGCFactionsBack:Back,
,,,,,,
ExerelinNGCListHiigaranDescendants,ExerelinNGCListFactions2,NGCDoesFactionExist hiigaran_descendants,,,exerelinNGCJoinHiigaranDescendants:Hiigaran Descendants,
ExerelinNGCListICI,ExerelinNGCListFactions2,NGCDoesFactionExist sun_ici,,,exerelinNGCJoinICI:Idoneus Garrison,
ExerelinNGCListInfected,ExerelinNGCListFactions2,NGCDoesFactionExist infected,,,exerelinNGCJoinInfected:Infected,
ExerelinNGCListInterstellarImperium,ExerelinNGCListFactions2,NGCDoesFactionExist interstellarimperium,,,exerelinNGCJoinInterstellarImperium:Interstellar Imperium,
ExerelinNGCListJunkPirates,ExerelinNGCListFactions2,NGCDoesFactionExist junk_pirates,,,exerelinNGCJoinJunkPirates:Junk Pirates,
ExerelinNGCListTemplars,ExerelinNGCListFactions2,NGCDoesFactionExist templars,,,exerelinNGCJoinTemplars:Knights Templar,
ExerelinNGCListLooters,ExerelinNGCListFactions2,NGCDoesFactionExist Lte,,,exerelinNGCJoinLooters:Looters,
ExerelinNGCListMayorate,ExerelinNGCListFactions2,NGCDoesFactionExist mayorate,,,exerelinNGCJoinMayorate:Mayorate,
ExerelinNGCListMetelson,ExerelinNGCListFactions2,NGCDoesFactionExist metelson,,,exerelinNGCJoinMetelson:Metelson Industries,
ExerelinNGCListModFactions2Back,ExerelinNGCListFactions2,,,,20:exerelinNGCFactionsBack:Back,
,,,,,,
ExerelinNGCListNeutrinoCorp,ExerelinNGCListFactions3,NGCDoesFactionExist neutrinocorp,,,exerelinNGCJoinNeutrinoCorp:Neutrino Corp,
ExerelinNGCListNGO,ExerelinNGCListFactions3,NGCDoesFactionExist new_galactic_order,,,exerelinNGCJoinNGO:New Galactic Order,
ExerelinNGCListNihil,ExerelinNGCListFactions3,NGCDoesFactionExist nil,,,exerelinNGCJoinNihil:Nihilic Empire,
ExerelinNGCListOculus,ExerelinNGCListFactions3,NGCDoesFactionExist oculus,,,exerelinNGCJoinOculus:Oculian Berserks,
ExerelinNGCListORI,ExerelinNGCListFactions3,NGCDoesFactionExist ori,,,exerelinNGCJoinORI:ORI,
ExerelinNGCListPACK,ExerelinNGCListFactions3,NGCDoesFactionExist pack,,,exerelinNGCJoinPACK:P.A.C.K.,
ExerelinNGCListPatria,ExerelinNGCListFactions3,NGCDoesFactionExist patnavy,,,exerelinNGCJoinPatria:Patrian Navy,
ExerelinNGCListPbc,ExerelinNGCListFactions3,NGCDoesFactionExist pbc,,,exerelinNGCJoinPbc:Pegasus Belt Council,
ExerelinNGCListPTech,ExerelinNGCListFactions3,NGCDoesFactionExist PTech,,,exerelinNGCJoinPTech:Protonian Technologies,
ExerelinNGCListP9,ExerelinNGCListFactions3,NGCDoesFactionExist pn_colony,,,exerelinNGCJoinP9:P9 Colony Group,
ExerelinNGCListModFactions3Back,ExerelinNGCListFactions3,,,,20:exerelinNGCFactionsBack:Back,
,,,,,,
ExerelinNGCListRadicalORI,ExerelinNGCListFactions4,NGCDoesFactionExist rori,,,exerelinNGCJoinRadicalORI:Radical ORI,
ExerelinNGCListScion,ExerelinNGCListFactions4,NGCDoesFactionExist scion,,,exerelinNGCJoinScion:Scion Collective,
ExerelinNGCListSCY,ExerelinNGCListFactions4,NGCDoesFactionExist SCY,,,exerelinNGCJoinSCY:SCY Nation,
ExerelinNGCListShadowyards,ExerelinNGCListFactions4,NGCDoesFactionExist shadow_industry,,,exerelinNGCJoinShadowyards:Shadowyards,
ExerelinNGCListSpire,ExerelinNGCListFactions4,NGCDoesFactionExist spire,,,exerelinNGCJoinSpire:Spire,
ExerelinNGCListTiandong,ExerelinNGCListFactions4,NGCDoesFactionExist tiandong,,,exerelinNGCJoinTiandong:Tiandong Heavy Industries,
ExerelinNGCListValkyrians,ExerelinNGCListFactions4,NGCDoesFactionExist valkyrian,,,exerelinNGCJoinValkyrians:Valkyrians,
ExerelinNGCListModFactions4Back,ExerelinNGCListFactions4,,,,20:exerelinNGCFactionsBack:Back,
,,,,,,
ExerelinNGCDevStart,NewGameOptionSelected,$option == exerelinNGCDevStart,"NGCSetPlayerFaction ""player_npc""
NGCAddShip ""tempest_Starting""
NGCAddCargo RESOURCES elite_crew 20
NGCAddCargo RESOURCES supplies 20
NGCAddCargo RESOURCES fuel 20
NGCAddCredits 1000000
NGCSetAptitude technology 10
NGCSetAptitude combat 10
NGCAddSkillPoints 200
NGCAddAptitudePoints 10
NGCSetStartingLocationExerelin
NGCDone",,,
ExerelinNGCOwnFaction,NewGameOptionSelected,"$option == exerelinNGCOwnFaction
!$haveSSP","NGCSetPlayerFaction ""player_npc""
NGCAddShipAndComplement ""monitor_Indie""
AddText ""Added Monitor-class frigate"" textFriendColor
FireBest ExerelinNGCStep3",,,
ExerelinNGCFreeStart,NewGameOptionSelected,"$option == exerelinNGCFreeStart
!$haveSSP","NGCSetPlayerFaction ""player_npc""
NGCAddShipAndComplement ""monitor_Indie""
NGCSetFreeStart true
AddText ""Added Monitor-class frigate"" textFriendColor
FireBest ExerelinNGCStep3",,,
ExerelinNGCOwnFactionSSP,NewGameOptionSelected,"$option == exerelinNGCOwnFaction
$haveSSP","NGCSetPlayerFaction ""player_npc""
NGCAddShipAndComplement ""ssp_alastor_sta""
AddText ""Added Alastor-class frigate"" textFriendColor
FireBest ExerelinNGCStep3",,,
ExerelinNGCFreeStartSSP,NewGameOptionSelected,"$option == exerelinNGCFreeStart
$haveSSP","NGCSetPlayerFaction ""player_npc""
NGCAddShipAndComplement ""ssp_alastor_sta""
NGCSetFreeStart true
AddText ""Added Alastor-class frigate"" textFriendColor
FireBest ExerelinNGCStep3",,,
ExerelinNGCJoinHegemony,NewGameOptionSelected,$option == exerelinNGCJoinHegemony,"NGCSetPlayerFaction ""hegemony""
NGCAddShipAndComplement ""lasher_Starting""
AddText ""Added Lasher-class frigate"" textFriendColor
FireBest ExerelinNGCStep3",,,
ExerelinNGCJoinSindrianDiktat,NewGameOptionSelected,$option == exerelinNGCJoinSindrianDiktat,"NGCSetPlayerFaction ""sindrian_diktat""
NGCAddShipAndComplement ""brawler_Elite""
AddText ""Added Brawler-class gunship"" textFriendColor
FireBest ExerelinNGCStep3",,,
ExerelinNGCJoinTriTachyon,NewGameOptionSelected,$option == exerelinNGCJoinTriTachyon,"NGCSetPlayerFaction ""tritachyon""
NGCAddShipAndComplement ""wolf_Starting""
AddText ""Added Wolf-class frigate"" textFriendColor
FireBest ExerelinNGCStep3",,,
ExerelinNGCJoinLuddicChurch,NewGameOptionSelected,$option == exerelinNGCJoinLuddicChurch,"NGCSetPlayerFaction ""luddic_church""
NGCAddShipAndComplement ""vigilance_Starting""
AddText ""Added Vigilance-class frigate"" textFriendColor
FireBest ExerelinNGCStep3",,,
ExerelinNGCJoinPirate,NewGameOptionSelected,$option == exerelinNGCJoinPirate,"NGCSetPlayerFaction ""pirates""
NGCAddShipAndComplement ""cerberus_Standard""
AddText ""Added Cerberus-class frigate"" textFriendColor
FireBest ExerelinNGCStep3",,,
ExerelinNGCJoinApprolight,NewGameOptionSelected,$option == exerelinNGCJoinApprolight,"NGCSetPlayerFaction ""approlight""
NGCAddShipAndComplement ""AL_mumber_C""
AddText ""Added Mumber-class frigate"" textFriendColor
FireBest ExerelinNGCStep3",,,
ExerelinNGCJoinASPSyndicate,NewGameOptionSelected,$option == exerelinNGCJoinASPSyndicate,"NGCSetPlayerFaction ""syndicate_asp""
NGCAddShipAndComplement ""syndicate_asp_diamondback_Standard""
AddText ""Added Diamondback-class frigate"" textFriendColor
FireBest ExerelinNGCStep3",,,
ExerelinNGCJoinBlackrock,NewGameOptionSelected,$option == exerelinNGCJoinBlackrock,"NGCSetPlayerFaction ""blackrock_driveyards""
NGCAddShipAndComplement ""brdy_mantis_attack""
AddText ""Added Mantis-class frigate"" textFriendColor
FireBest ExerelinNGCStep3",,,
ExerelinNGCJoinCitadel,NewGameOptionSelected,$option == exerelinNGCJoinCitadel,"NGCSetPlayerFaction ""citadeldefenders""
NGCAddShipAndComplement ""Fox_Frigate_standard""
AddText ""Added Aural-class skirmisher"" textFriendColor
FireBest ExerelinNGCStep3",,,
ExerelinNGCJoinCrystanite,NewGameOptionSelected,$option == exerelinNGCJoinCrystanite,"NGCSetPlayerFaction ""crystanite""
NGCAddShipAndComplement ""crys_pin_standard""
AddText ""Added Pin-class frigate"" textFriendColor
FireBest ExerelinNGCStep3",,,
ExerelinNGCJoinDiableAvionics,NewGameOptionSelected,$option == exerelinNGCJoinDiableAvionics,"NGCSetPlayerFaction ""diableavionics""
NGCAddShipAndComplement ""diableavionics_vapor_standard""
AddText ""Added Vapor-class frigate"" textFriendColor
FireBest ExerelinNGCStep3",,,
ExerelinNGCJoinExigency,NewGameOptionSelected,$option == exerelinNGCJoinExigency,"NGCSetPlayerFaction ""exigency""
NGCAddShipAndComplement ""exigency_destroyer_Disruptor""
AddText ""Added Zephos-class destroyer"" textFriendColor
FireBest ExerelinNGCStep3",,,
ExerelinNGCJoinExipirated,NewGameOptionSelected,$option == exerelinNGCJoinExipirated,"NGCSetPlayerFaction ""exipirated""
NGCAddShipAndComplement ""exipirated_azryel_Standard""
AddText ""Added Azryel-class destroyer"" textFriendColor
FireBest ExerelinNGCStep3",,,
ExerelinNGCJoinFirestormFederation,NewGameOptionSelected,$option == exerelinNGCJoinFirestormFederation,"NGCSetPlayerFaction ""firestorm_federation""
NGCAddShipAndComplement ""EM_Frigate_variant""
AddText ""Added Torch-class frigate"" textFriendColor
FireBest ExerelinNGCStep3",,,
ExerelinNGCJoinHiigaranDescendants,NewGameOptionSelected,$option == exerelinNGCJoinHiigaranDescendants,"NGCSetPlayerFaction ""hiigaran_descendants""
NGCAddShipAndComplement ""hii_jet_Standard""
AddText ""Added Jet-class frigate"" textFriendColor
FireBest ExerelinNGCStep3",,,
ExerelinNGCJoinICI,NewGameOptionSelected,$option == exerelinNGCJoinICI,"NGCSetPlayerFaction ""sun_ici""
NGCAddShipAndComplement ""sun_ice_specter_Standard""
AddText ""Added Specter-class frigate"" textFriendColor
FireBest ExerelinNGCStep3",,,
ExerelinNGCJoinInfected,NewGameOptionSelected,$option == exerelinNGCJoinInfected,"NGCSetPlayerFaction ""infected""
NGCAddShipAndComplement ""flx_necroraider_support""
AddText ""Added Necro Raider-class frigate"" textFriendColor
FireBest ExerelinNGCStep3",,,
ExerelinNGCJoinInterstellarImperium,NewGameOptionSelected,$option == exerelinNGCJoinInterstellarImperium,"NGCSetPlayerFaction ""interstellarimperium""
NGCAddShipAndComplement ""ii_decurion_sta""
AddText ""Added Decurion-class frigate"" textFriendColor
FireBest ExerelinNGCStep3",,,
ExerelinNGCJoinJunkPirates,NewGameOptionSelected,$option == exerelinNGCJoinJunkPirates,"NGCSetPlayerFaction ""junk_pirates""
NGCAddShipAndComplement ""junk_pirates_clam_Standard""
AddText ""Added Clam-class frigate"" textFriendColor
FireBest ExerelinNGCStep3",,,
ExerelinNGCJoinTemplars,NewGameOptionSelected,$option == exerelinNGCJoinTemplars,"NGCSetPlayerFaction ""templars""
NGCAddShipAndComplement ""tem_martyr_sal""
AddText ""Added Martyr-class corvette"" textFriendColor
FireBest ExerelinNGCStep3",,,
ExerelinNGCJoinLooters,NewGameOptionSelected,$option == exerelinNGCJoinLooters,"NGCSetPlayerFaction ""Lte""
NGCAddShipAndComplement ""Lt_Tan_Destroyer""
AddText ""Added Tan-class frigate"" textFriendColor
FireBest ExerelinNGCStep3",,,
ExerelinNGCJoinMayorate,NewGameOptionSelected,$option == exerelinNGCJoinMayorate,"NGCSetPlayerFaction ""mayorate""
NGCAddShipAndComplement ""ilk_lilith_assault""
AddText ""Added Lilith-class frigate"" textFriendColor
FireBest ExerelinNGCStep3",,,
ExerelinNGCJoinMetelson,NewGameOptionSelected,$option == exerelinNGCJoinMetelson,"NGCSetPlayerFaction ""metelson""
NGCAddShipAndComplement ""mi_farin_standard""
AddText ""Added Farin-class frigate"" textFriendColor
FireBest ExerelinNGCStep3",,,
ExerelinNGCJoinNeutrinoCorp,NewGameOptionSelected,$option == exerelinNGCJoinNeutrinoCorp,"NGCSetPlayerFaction ""neutrinocorp""
NGCAddShipAndComplement ""neutrino_singularity_standard""
AddText ""Added Singularity-class frigate"" textFriendColor
FireBest ExerelinNGCStep3",,,
ExerelinNGCJoinNGO,NewGameOptionSelected,$option == exerelinNGCJoinNGO,"NGCSetPlayerFaction ""new_galactic_order""
NGCAddShipAndComplement ""ngo_frigate_standard""
AddText ""Added Freyr-class frigate"" textFriendColor
FireBest ExerelinNGCStep3",,,
ExerelinNGCJoinNihil,NewGameOptionSelected,$option == exerelinNGCJoinNihil,"NGCSetPlayerFaction ""nil""
NGCAddShipAndComplement ""nihil_null_cultist""
AddText ""Added Null-class frigate"" textFriendColor
FireBest ExerelinNGCStep3",,,
exerelinNGCJoinOculus,NewGameOptionSelected,$option == exerelinNGCJoinOculus,"NGCSetPlayerFaction ""oculus""
NGCAddShipAndComplement ""ob_tigris_standard""
AddText ""Enjoy your Tigris-class destroyer :p"" textFriendColor
FireBest ExerelinNGCStep3",,,
ExerelinNGCJoinORI,NewGameOptionSelected,$option == exerelinNGCJoinORI,"NGCSetPlayerFaction ""ori""
NGCAddShipAndComplement ""ori_bastion_variant""
AddText ""Added Bastion-class frigate"" textFriendColor
FireBest ExerelinNGCStep3",,,
ExerelinNGCJoinPACK,NewGameOptionSelected,$option == exerelinNGCJoinPACK,"NGCSetPlayerFaction ""pack""
NGCAddShipAndComplement ""pack_wirefox_Standard""
AddText ""Added Wirefox-class frigate"" textFriendColor
FireBest ExerelinNGCStep3",,,
ExerelinNGCJoinPatria,NewGameOptionSelected,$option == exerelinNGCJoinPatria,"NGCSetPlayerFaction ""patnavy""
NGCAddShipAndComplement ""pat_kortenaer_patrian""
AddText ""Added Kortenaer-class frigate"" textFriendColor
FireBest ExerelinNGCStep3",,,
ExerelinNGCJoinPTech,NewGameOptionSelected,$option == exerelinNGCJoinPTech,"NGCSetPlayerFaction ""PTech""
NGCAddShipAndComplement ""pt_pieta_standard""
AddText ""Added Pieta-class frigate"" textFriendColor
FireBest ExerelinNGCStep3",,,
ExerelinNGCJoinP9,NewGameOptionSelected,$option == exerelinNGCJoinP9,"NGCSetPlayerFaction ""pn_colony""
NGCAddShipAndComplement ""cs_pn_sike""
AddText ""Added Sike-class frigate"" textFriendColor
FireBest ExerelinNGCStep3",,,
ExerelinNGCJoinRadicalORI,NewGameOptionSelected,$option == exerelinNGCJoinRadicalORI,"NGCSetPlayerFaction ""rori""
NGCAddShipAndComplement ""ori_bastion_variant""
AddText ""Added Bastion-class frigate"" textFriendColor
FireBest ExerelinNGCStep3",,,
ExerelinNGCJoinScion,NewGameOptionSelected,$option == exerelinNGCJoinScion,"NGCSetPlayerFaction ""scion""
NGCAddShipAndComplement ""scion_bishop_standard""
AddText ""Added Bishop-class frigate"" textFriendColor
FireBest ExerelinNGCStep3",,,
ExerelinNGCJoinSCY,NewGameOptionSelected,$option == exerelinNGCJoinSCY,"NGCSetPlayerFaction ""SCY""
NGCAddShipAndComplement ""SCY_talos_recon""
AddText ""Added Talos-class frigate"" textFriendColor
FireBest ExerelinNGCStep3",,,
ExerelinNGCJoinShadowyards,NewGameOptionSelected,$option == exerelinNGCJoinShadowyards,"NGCSetPlayerFaction ""shadow_industry""
NGCAddShipAndComplement ""ms_enlil_Balanced""
AddText ""Added Enlil-class gunship"" textFriendColor
FireBest ExerelinNGCStep3",,,
ExerelinNGCJoinSpire,NewGameOptionSelected,$option == exerelinNGCJoinSpire,"NGCSetPlayerFaction ""spire""
NGCAddShipAndComplement ""spire_corvette_Standoff""
AddText ""Added Feldspar-class corvette"" textFriendColor
FireBest ExerelinNGCStep3",,,
ExerelinNGCJoinTiandong,NewGameOptionSelected,$option == exerelinNGCJoinTiandong,"NGCSetPlayerFaction ""tiandong""
NGCAddShipAndComplement ""tiandong_nanzhong_Standard""
AddText ""Added Nanzhong-class frigate"" textFriendColor
FireBest ExerelinNGCStep3",,,
ExerelinNGCJoinPbc,NewGameOptionSelected,$option == exerelinNGCJoinPbc,"NGCSetPlayerFaction ""pbc""
NGCAddShipAndComplement ""pbc_orion_ff_assault""
AddText ""Added Orion-class frigate"" textFriendColor
FireBest ExerelinNGCStep3",,,
ExerelinNGCJoinValkyrians,NewGameOptionSelected,$option == exerelinNGCJoinValkyrians,"NGCSetPlayerFaction ""valkyrian""
NGCAddShipAndComplement ""valk_inquisitor_A""
AddText ""Added Inquisitor-class frigate"" textFriendColor
FireBest ExerelinNGCStep3",,,
,,,,,,
ExerelinNGCFinalize,ExerelinNGCStep3,,"AddText ""Added $crewAdded crew"" textFriendColor
AddText ""Added $suppliesAdded supplies"" textFriendColor
AddText ""Added $suppliesAdded fuel"" textFriendColor",,"exerelinNGCNormalStart:Normal start (10000 credits, level 1)
exerelinNGCEasyStart:Fast start (50000 credits, level 6)
exerelinNGCEasyStart2:Extra fast start (250000 credits, level 16)",
ExerelinNGCNormalStart,NewGameOptionSelected,$option == exerelinNGCNormalStart,"NGCAddCredits 10000
NGCAddAptitudePoints 2
NGCAddSkillPoints 6
AddText ""Added 2 aptitude points"" textFriendColor
AddText ""Added 6 skill points"" textFriendColor
AddText ""Added 10000 credits"" textFriendColor",,1:exerelinNGCDone:Continue,
ExerelinNGCEasyStart,NewGameOptionSelected,$option == exerelinNGCEasyStart,"NGCAddCredits 50000
NGCAddAptitudePoints 2
NGCAddSkillPoints 6
NGCAddXP 31500
AddText ""Added 2 aptitude points"" textFriendColor
AddText ""Added 6 skill points"" textFriendColor
AddText ""Added 50000 credits"" textFriendColor
AddText ""Added 31500 XP"" textFriendColor",,1:exerelinNGCDone:Continue,
ExerelinNGCEasyStart2,NewGameOptionSelected,"$option == exerelinNGCEasyStart2
!$haveSSP","NGCAddCredits 250000
NGCAddAptitudePoints 2
NGCAddSkillPoints 6
NGCAddXP 214500
AddText ""Added 2 aptitude points"" textFriendColor
AddText ""Added 6 skill points"" textFriendColor
AddText ""Added 250000 credits"" textFriendColor
AddText ""Added 214500 XP"" textFriendColor",,1:exerelinNGCDone:Continue,
ExerelinNGCEasyStart2SSP,NewGameOptionSelected,"$option == exerelinNGCEasyStart2
$haveSSP","NGCAddCredits 250000
NGCAddAptitudePoints 2
NGCAddSkillPoints 6
NGCAddXP 250500
AddText ""Added 2 aptitude points"" textFriendColor
AddText ""Added 6 skill points"" textFriendColor
AddText ""Added 250000 credits"" textFriendColor
AddText ""Added 250500 XP"" textFriendColor",,1:exerelinNGCDone:Continue,
ExerelinNGCDoneOption,NewGameOptionSelected,$option == exerelinNGCDone,"NGCSetStartingLocationExerelin
NGCDone",,,
# END NGC OPTIONS,,,,,,
,,,,,,
,,,,,,
ExerelinMarketAddOptionSpecial,PopulateOptions,$menuState == main,"SetShortcut exerelinMarketSpecial ""S"" true",,6:exerelinMarketSpecial:Special functions,
ExerelinMarketSpecialOptions,DialogOptionSelected,$option == exerelinMarketSpecial,FireAll ExerelinMarketSpecial,,,
ExerelinMarketLeaveOption,ExerelinMarketSpecial,,,,10:exerelinMarketSpecialBack:Back,
ExerelinMarketSpecialBack,DialogOptionSelected,$option == exerelinMarketSpecialBack,"ShowDefaultVisual
$menuState = main 0
FireAll PopulateOptions",,,
,,,,,,
# START INVASION OPTIONS,,,,,,
ExerelinMarketInvadeOption,ExerelinMarketSpecial,"IsValidInvasionTarget
$market.id != prismFreeport",,,1:exerelinInvasion:Invade the planet/station,
ExerelinInvasionStart,DialogOptionSelected,$option == exerelinInvasion,"ShowVisual ""graphics/illustrations/quartermaster.jpg""
PredictInvasionResults
FireAll ExerelinInvadeListOptions",Your intelligence officer runs a few quick simulations to predict the outcome of the attack.,,
ExerelinInvadeListOptionsMain,ExerelinInvadeListOptions,,,,"2:exerelinInvasionHelp:Consult a help file
4:exerelinInvasionCancel:Cancel",
ExerelinInvadeListOptionInvade,ExerelinInvadeListOptions,HasMarines 1,SetEnabled exerelinInvasionProceed true,,1:exerelinInvasionProceed:Proceed,
ExerelinInvadeListOptionInvadeNoMarines,ExerelinInvadeListOptions,!HasMarines 1,"SetTooltip exerelinInvasionProceed ""You have no marines!""
SetEnabled exerelinInvasionProceed false",,1:exerelinInvasionProceed:Proceed,
ExerelinInvasionHelp,DialogOptionSelected,$option == exerelinInvasionHelp,FireAll ExerelinInvadeListOptions,"Base attacker strength = (marine strength + fleet DP/2) * 0.7
Base defender strength = 0.2* (market size+1)^3 * (stability + 0.5) * 0.5
Each Military Base and Regional Capital adds 25% to defender strength, Headquarters adds 40%.
Attacker strength varies by up to 1/7th in either direction.

If attacker roll exceeds defender strength, the market is captured.
Marine losses depend on both strength values, plus a random factor.

Markets accumulate a reserve force over time that can be quickly deployed in response to invasions.",,
,,,,,,
ExerelinInvasionProceed,DialogOptionSelected,"$option == exerelinInvasionProceed
$hasMarket ","Wait $global.exerelinInvasionWait 1 $global.exerelinInvasionRoundComplete $global.exerelinInvasionInterrupted $global.exerelinInvasionInProgress ""Invading...""
BroadcastPlayerWaitAction $global.exerelinInvasionWait HOSTILE 750 $exerelinRespondingToInvasion
MakePlayerImmediatelyAttackable
TriggerResponseFleet
$player.invasionTarget = $id 1.01
CreateWarmongerEvent $faction.id
AdjustRep $faction.id COMBAT_NORMAL",,,
ExerelinInvasionCancel,DialogOptionSelected,"$option == exerelinInvasionCancel
$hasMarket","ShowDefaultVisual
FireAll ExerelinMarketSpecial",You decide not to attack $entityName.,,
ExerelinInvasionLeave,DialogOptionSelected,"$option == exerelinInvasionLeave
$hasMarket",DismissDialog,You decide not to continue the invasion.,,
ExerelinInvasionDone,DialogOptionSelected,"$option == exerelinInvasionLeave
$hasMarket",DismissDialog,,,
ExerelinInvasionOpen,OpenInteractionDialog,"$hasMarket
$id == $player.invasionTarget","ShowDefaultVisual
FireBest ExerelinInitInvadeDialog",,,
ExerelinInvasionRoundComplete,ExerelinInitInvadeDialog,"$hasMarket
$global.exerelinInvasionRoundComplete score:100","ExecuteInvasionRound
FireBest ExerelinInvasionResults
",INVASION OUTCOME:,,
ExerelinInvasionResultsComplete,ExerelinInvasionResults,$exerelinInvasionSuccessful,"ShowVisual ""graphics/illustrations/quartermaster.jpg""
unset $player.invasionTarget
FireAll PopulateOptions",You've successfully captured $entityName!,,
ExerelinInvasionResultsIncomplete,ExerelinInvasionResults,"!$exerelinInvasionSuccessful
HasMarines 1","ShowVisual ""graphics/illustrations/hull_breach.jpg""
unset $player.invasionTarget",You have not yet captured $entityName.,"exerelinInvasion:Attack again
exerelinInvasionLeave:Leave",
ExerelinInvasionResultsIncompleteNoMoreMarines,ExerelinInvasionResults,"!$exerelinInvasionSuccessful
!HasMarines 1","ShowVisual ""graphics/illustrations/hull_breach.jpg""
unset $player.invasionTarget","You have not yet captured $entityName.

Your marine complement has been wiped out; you cannot continue the offensive.",exerelinInvasionLeave:Leave,
ExerelinInvasionResultsCancelled,ExerelinInvasionResults,$exerelinInvasionCancelled score:100,"ShowDefaultVisual
unset $player.invasionTarget
FireAll PopulateOptions",This isn't a valid invasion target! Perhaps we already captured it?,,
ExerelinInvasionInterupted,ExerelinInitInvadeDialog,"$hasMarket
$global.exerelinInvasionInterrupted","unset $global.exerelinInvasionInterrupted
unset $player.invasionTarget
$menuState = main 0
FireBest MarketPostOpen",Your invasion was interrupted.,,
ExerelinInitInvasionInProgress,ExerelinInitInvadeDialog,"$hasMarket
$global.exerelinInvasionInProgress
!$global.exerelinInvasionInterrupted
!$global.exerelinInvasionRoundComplete",,You're currently invading $entityName.,,
ExerelinInitInvasionAbort,DialogOptionSelected,$option==exerelinAbort,"AbortWait $global.exerelinInvasionWait
unset $player.invasionTarget
$menuState = main 0
FireAll PopulateOptions",The invasion is cancelled.,,
ExerelinInvasionInterference_start,BeginFleetEncounter,"$exerelinRespondingToInvasion score:100
$global.exerelinInvasionInProgress score:20","AbortWait $global.exerelinInvasionWait
MakeOtherFleetHostile true
MakeOtherFleetAggressive true
unset $entity.ignorePlayerCommRequests
unset $player.invasionTarget
BroadcastCancelPlayerAction 1500 $exerelinRespondingToInvasion",The appearance of a $faction $otherShipOrFleet disrupts your invasion preparations.,,
ExerelinInvasionInterference_cancelledAndRan,BeginFleetEncounter,"$exerelinRespondingToInvasion score:100
$faction.hostileToPlayer","MakeOtherFleetHostile true
MakeOtherFleetAggressive true
unset $entity.ignorePlayerCommRequests
unset $player.invasionTarget
BroadcastCancelPlayerAction 1500 $exerelinRespondingToInvasion","The $faction $otherShipOrFleet catches up with you, weapons hot.",,
ExerelinDialogInvadeInterference_open,OpenCommLink,$exerelinRespondingToInvasion score:100,$entity.ignorePlayerCommRequests = true 0,"""You'll pay for trying to invade our territory!"" The comm link is cut before you can begin to respond.",continueCutComm:Continue,
# END INVASION OPTIONS,,,,,,
,,,,,,
#START MARKET DIRECTORY OPTIONS,,,,,,
ExerelinMarketFactionDirectoryOption,ExerelinMarketSpecial,,,,7:exerelinFactionDirectoryMain:Faction directory,
ExerelinFactionDirectory,DialogOptionSelected,$option == exerelinFactionDirectoryMain,FireAll ExerelinFactionDirectory,Which faction do you want to look up?,,
ExerelinFactionDirectoryOptions,ExerelinFactionDirectory,,,,"exerelinFactionDirectoryList1:A-G
exerelinFactionDirectoryList2:H-M
exerelinFactionDirectoryList3:N-Q
exerelinFactionDirectoryList4:R-Z",
ExerelinFactionDirectoryListBack,ExerelinFactionDirectory,!$specialDialog,,,10:exerelinMarketSpecial:Back,
ExerelinFactionDirectoryListBackSpecialDialog,ExerelinFactionDirectory,$specialDialog,,,10:continueCutComm:Back,
ExerelinFactionDirectoryListPlayer,ExerelinFactionDirectory,IsFactionAlive player_npc,,,exerelinFactionDirectoryGetPlayer:Player,
ExerelinFactionDirectoryOptionAlliance,ExerelinFactionDirectory,!$specialDialog,,,exerelinAllianceReport:List alliances,
#ExerelinFactionDirectoryOptionIntel,ExerelinFactionDirectory,"$hasMarket
!$specialDialog",,,exerelinMarketIntel:Open intel screen,
ExerelinFactionDirectoryList1,DialogOptionSelected,$option == exerelinFactionDirectoryList1,FireAll ExerelinFactionDirectoryList1,,,
ExerelinFactionDirectoryList2,DialogOptionSelected,$option == exerelinFactionDirectoryList2,FireAll ExerelinFactionDirectoryList2,,,
ExerelinFactionDirectoryList3,DialogOptionSelected,$option == exerelinFactionDirectoryList3,FireAll ExerelinFactionDirectoryList3,,,
ExerelinFactionDirectoryList4,DialogOptionSelected,$option == exerelinFactionDirectoryList4,FireAll ExerelinFactionDirectoryList4,,,
,,,,,,
ExerelinFactionDirectoryListExipirated,ExerelinFactionDirectoryList1,IsFactionAlive exipirated,,,exerelinFactionDirectoryGetExipirated:Ahriman Association,
ExerelinFactionDirectoryListApprolight,ExerelinFactionDirectoryList1,IsFactionAlive approlight,,,exerelinFactionDirectoryGetApprolight:Approlight,
ExerelinFactionDirectoryListASPSyindicate,ExerelinFactionDirectoryList1,IsFactionAlive syndicate_asp,,,exerelinFactionDirectoryGetASPSyndicate:ASP Syndicate,
ExerelinFactionDirectoryListBlackrock,ExerelinFactionDirectoryList1,IsFactionAlive blackrock_driveyards,,,exerelinFactionDirectoryGetBlackrock:Blackrock,
ExerelinFactionDirectoryListCitadel,ExerelinFactionDirectoryList1,IsFactionAlive citadeldefenders,,,exerelinFactionDirectoryGetCitadel:Citadel,
ExerelinFactionDirectoryListCrystanite,ExerelinFactionDirectoryList1,IsFactionAlive crystanite,,,exerelinFactionDirectoryGetCrystanite:Crystanite,
ExerelinFactionDirectoryListDiableAvionics,ExerelinFactionDirectoryList1,IsFactionAlive diableavionics,,,exerelinFactionDirectoryGetDiableAvionics:Diable Avionics,
ExerelinFactionDirectoryListExigency,ExerelinFactionDirectoryList1,IsFactionAlive exigency,,,exerelinFactionDirectoryGetExigency:Exigency Corp,
ExerelinFactionDirectoryListFirestormFederation,ExerelinFactionDirectoryList1,IsFactionAlive firestorm_federation,,,exerelinFactionDirectoryGetFirestormFederation:Firestorm Federation,
ExerelinFactionDirectoryList1Back,ExerelinFactionDirectoryList1,,,,exerelinFactionDirectoryMain:Back,
,,,,,,
ExerelinFactionDirectoryListHegemony,ExerelinFactionDirectoryList2,IsFactionAlive hegemony,,,exerelinFactionDirectoryGetHegemony:Hegemony,
ExerelinFactionDirectoryListHiigaranDescendants,ExerelinFactionDirectoryList2,IsFactionAlive hiigaran_descendants,,,exerelinFactionDirectoryGetHiigaranDescendants:Hiigaran Descendants,
ExerelinFactionDirectoryListICI,ExerelinFactionDirectoryList2,IsFactionAlive sun_ici,,,exerelinFactionDirectoryGetICI:Idoneus Garrison,
ExerelinFactionDirectoryListInterstellarImperium,ExerelinFactionDirectoryList2,IsFactionAlive interstellarimperium,,,exerelinFactionDirectoryGetInterstellarImperium:Interstellar Imperium,
ExerelinFactionDirectoryListInfected,ExerelinFactionDirectoryList2,IsFactionAlive infected,,,exerelinFactionDirectoryGetInfected:Infected,
ExerelinFactionDirectoryListJunkPirates,ExerelinFactionDirectoryList2,IsFactionAlive junk_pirates,,,exerelinFactionDirectoryGetJunkPirates:Junk Pirates,
ExerelinFactionDirectoryListTemplars,ExerelinFactionDirectoryList2,IsFactionAlive templars,,,exerelinFactionDirectoryGetTemplars:Knights Templar,
ExerelinFactionDirectoryListLooters,ExerelinFactionDirectoryList4,IsFactionAlive Lte,,,exerelinFactionDirectoryGetLooters:Looters,
ExerelinFactionDirectoryListLuddicChurch,ExerelinFactionDirectoryList2,IsFactionAlive luddic_church,,,exerelinFactionDirectoryGetLuddicChurch:Luddic Church,
ExerelinFactionDirectoryListMayorate,ExerelinFactionDirectoryList2,IsFactionAlive mayorate,,,exerelinFactionDirectoryGetMayorate:Mayorate,
ExerelinFactionDirectoryListMetelson,ExerelinFactionDirectoryList2,IsFactionAlive metelson,,,exerelinFactionDirectoryGetMetelson:Metelson Industries,
ExerelinFactionDirectoryList2Back,ExerelinFactionDirectoryList2,,,,exerelinFactionDirectoryMain:Back,
,,,,,,
ExerelinFactionDirectoryListNeutrinoCorp,ExerelinFactionDirectoryList3,IsFactionAlive neutrinocorp,,,exerelinFactionDirectoryGetNeutrinoCorp:Neutrino Corp,
ExerelinFactionDirectoryListNGO,ExerelinFactionDirectoryList3,IsFactionAlive new_galactic_order,,,exerelinFactionDirectoryGetNGO:New Galactic Order,
ExerelinFactionDirectoryListNihil,ExerelinFactionDirectoryList3,IsFactionAlive nil,,,exerelinFactionDirectoryGetNihil:Nihilic Empire,
ExerelinFactionDirectoryListOculus,ExerelinFactionDirectoryList3,IsFactionAlive oculus,,,exerelinFactionDirectoryGetOculus:Oculian Berserks,
ExerelinFactionDirectoryListORI,ExerelinFactionDirectoryList3,IsFactionAlive ori,,,exerelinFactionDirectoryGetORI:ORI,
ExerelinFactionDirectoryListPACK,ExerelinFactionDirectoryList3,IsFactionAlive pack,,,exerelinFactionDirectoryGetPACK:P.A.C.K.,
ExerelinFactionDirectoryListPatria,ExerelinFactionDirectoryList3,IsFactionAlive patnavy,,,exerelinFactionDirectoryGetPatria:Patrian Navy,
ExerelinFactionDirectoryListPbc,ExerelinFactionDirectoryList3,IsFactionAlive pbc,,,exerelinFactionDirectoryGetPbc:PBC,
ExerelinFactionDirectoryListPirates,ExerelinFactionDirectoryList3,IsFactionAlive pirates,,,exerelinFactionDirectoryGetPirates:Pirates,
ExerelinFactionDirectoryListPTech,ExerelinFactionDirectoryList3,IsFactionAlive PTech,,,exerelinFactionDirectoryGetPTech:Protonian Technologies,
ExerelinFactionDirectoryListP9,ExerelinFactionDirectoryList3,IsFactionAlive pn_colony,,,exerelinFactionDirectoryGetP9:P9 Colony Group,
ExerelinFactionDirectoryList3Back,ExerelinFactionDirectoryList3,,,,exerelinFactionDirectoryMain:Back,
,,,,,,
ExerelinFactionDirectoryListRadicalORI,ExerelinFactionDirectoryList4,IsFactionAlive rori,,,exerelinFactionDirectoryGetRadicalORI:Radical ORI,
ExerelinFactionDirectoryListScion,ExerelinFactionDirectoryList4,IsFactionAlive scion,,,exerelinFactionDirectoryGetScion:Scion Collective,
ExerelinFactionDirectoryListSCY,ExerelinFactionDirectoryList4,IsFactionAlive SCY,,,exerelinFactionDirectoryGetSCY:SCY,
ExerelinFactionDirectoryListShadowyards,ExerelinFactionDirectoryList4,IsFactionAlive shadow_industry,,,exerelinFactionDirectoryGetShadowyards:Shadowyards,
ExerelinFactionDirectoryListSindrianDiktat,ExerelinFactionDirectoryList4,IsFactionAlive sindrian_diktat,,,exerelinFactionDirectoryGetSindrianDiktat:Sindrian Diktat,
ExerelinFactionDirectoryListSpire,ExerelinFactionDirectoryList4,IsFactionAlive spire,,,exerelinFactionDirectoryGetSpire:Spire,
ExerelinFactionDirectoryListTiandong,ExerelinFactionDirectoryList4,IsFactionAlive tiandong,,,exerelinFactionDirectoryGetTiandong:Tiandong,
ExerelinFactionDirectoryListTriTachyon,ExerelinFactionDirectoryList4,IsFactionAlive tritachyon,,,exerelinFactionDirectoryGetTriTachyon:Tri-Tachyon,
ExerelinFactionDirectoryListValkyrians,ExerelinFactionDirectoryList4,IsFactionAlive valkyrian,,,exerelinFactionDirectoryGetValkyrians:Valkyrians,
ExerelinFactionDirectoryList4Back,ExerelinFactionDirectoryList4,,,,exerelinFactionDirectoryMain:Back,
,,,,,,
# this feels like it could be a billion times more efficient,,,,,,
ExerelinFactionDirectoryGetApprolight,DialogOptionSelected,$option == exerelinFactionDirectoryGetApprolight,PrintFactionMarkets approlight,,,
ExerelinFactionDirectoryGetASPSyndicate,DialogOptionSelected,$option == exerelinFactionDirectoryGetASPSyndicate,PrintFactionMarkets syndicate_asp,,,
ExerelinFactionDirectoryGetBlackrock,DialogOptionSelected,$option == exerelinFactionDirectoryGetBlackrock,PrintFactionMarkets blackrock_driveyards,,,
ExerelinFactionDirectoryGetCitadel,DialogOptionSelected,$option == exerelinFactionDirectoryGetCitadel,PrintFactionMarkets citadeldefenders,,,
ExerelinFactionDirectoryGetCrystanite,DialogOptionSelected,$option == exerelinFactionDirectoryGetCrystanite,PrintFactionMarkets crystanite,,,
ExerelinFactionDirectoryGetDiableAvionics,DialogOptionSelected,$option == exerelinFactionDirectoryGetDiableAvionics,PrintFactionMarkets diableavionics,,,
ExerelinFactionDirectoryGetExigency,DialogOptionSelected,$option == exerelinFactionDirectoryGetExigency,PrintFactionMarkets exigency,,,
ExerelinFactionDirectoryGetExipirated,DialogOptionSelected,$option == exerelinFactionDirectoryGetExipirated,PrintFactionMarkets exipirated,,,
ExerelinFactionDirectoryGetFirestormFederation,DialogOptionSelected,$option == exerelinFactionDirectoryGetFirestormFederation,PrintFactionMarkets firestorm_federation,,,
ExerelinFactionDirectoryGetHegemony,DialogOptionSelected,$option == exerelinFactionDirectoryGetHegemony,PrintFactionMarkets hegemony,,,
ExerelinFactionDirectoryGetHiigaranDescendants,DialogOptionSelected,$option == exerelinFactionDirectoryGetHiigaranDescendants,PrintFactionMarkets hiigaran_descendants,,,
ExerelinFactionDirectoryGetICI,DialogOptionSelected,$option == exerelinFactionDirectoryGetICI,PrintFactionMarkets sun_ici,,,
ExerelinFactionDirectoryGetInterstellarImperium,DialogOptionSelected,$option == exerelinFactionDirectoryGetInterstellarImperium,PrintFactionMarkets interstellarimperium,,,
ExerelinFactionDirectoryGetInfected,DialogOptionSelected,$option == exerelinFactionDirectoryGetInfected,PrintFactionMarkets infected,,,
ExerelinFactionDirectoryGetJunkPirates,DialogOptionSelected,$option == exerelinFactionDirectoryGetJunkPirates,PrintFactionMarkets junk_pirates,,,
ExerelinFactionDirectoryGetLooters,DialogOptionSelected,$option == exerelinFactionDirectoryGetLooters,PrintFactionMarkets Lte,,,
ExerelinFactionDirectoryGetLuddicChurch,DialogOptionSelected,$option == exerelinFactionDirectoryGetLuddicChurch,PrintFactionMarkets luddic_church,,,
ExerelinFactionDirectoryGetMayorate,DialogOptionSelected,$option == exerelinFactionDirectoryGetMayorate,PrintFactionMarkets mayorate,,,
ExerelinFactionDirectoryGetMetelson,DialogOptionSelected,$option == exerelinFactionDirectoryGetMetelson,PrintFactionMarkets metelson,,,
ExerelinFactionDirectoryGetNeutrinoCorp,DialogOptionSelected,$option == exerelinFactionDirectoryGetNeutrinoCorp,PrintFactionMarkets neutrinocorp,,,
ExerelinFactionDirectoryGetNGO,DialogOptionSelected,$option == exerelinFactionDirectoryGetNGO,PrintFactionMarkets new_galactic_order,,,
ExerelinFactionDirectoryGetNihil,DialogOptionSelected,$option == exerelinFactionDirectoryGetNihil,PrintFactionMarkets nil,,,
ExerelinFactionDirectoryGetOculus,DialogOptionSelected,$option == exerelinFactionDirectoryGetOculus,PrintFactionMarkets oculus,,,
ExerelinFactionDirectoryGetORI,DialogOptionSelected,$option == exerelinFactionDirectoryGetORI,PrintFactionMarkets ori,,,
ExerelinFactionDirectoryGetPACK,DialogOptionSelected,$option == exerelinFactionDirectoryGetPACK,PrintFactionMarkets pack,,,
ExerelinFactionDirectoryGetPatria,DialogOptionSelected,$option == exerelinFactionDirectoryGetPatria,PrintFactionMarkets patnavy,,,
ExerelinFactionDirectoryGetPirates,DialogOptionSelected,$option == exerelinFactionDirectoryGetPirates,PrintFactionMarkets pirates,,,
ExerelinFactionDirectoryGetPlayer,DialogOptionSelected,$option == exerelinFactionDirectoryGetPlayer,PrintFactionMarkets player_npc,,,
ExerelinFactionDirectoryGetPTech,DialogOptionSelected,$option == exerelinFactionDirectoryGetPTech,PrintFactionMarkets PTech,,,
ExerelinFactionDirectoryGetP9,DialogOptionSelected,$option == exerelinFactionDirectoryGetP9,PrintFactionMarkets pn_colony,,,
ExerelinFactionDirectoryGetRadicalORI,DialogOptionSelected,$option == exerelinFactionDirectoryGetRadicalORI,PrintFactionMarkets rori,,,
ExerelinFactionDirectoryGetScion,DialogOptionSelected,$option == exerelinFactionDirectoryGetScion,PrintFactionMarkets scion,,,
ExerelinFactionDirectoryGetSCY,DialogOptionSelected,$option == exerelinFactionDirectoryGetSCY,PrintFactionMarkets SCY,,,
ExerelinFactionDirectoryGetShadowyards,DialogOptionSelected,$option == exerelinFactionDirectoryGetShadowyards,PrintFactionMarkets shadow_industry,,,
ExerelinFactionDirectoryGetSindrianDiktat,DialogOptionSelected,$option == exerelinFactionDirectoryGetSindrianDiktat,PrintFactionMarkets sindrian_diktat,,,
ExerelinFactionDirectoryGetSpire,DialogOptionSelected,$option == exerelinFactionDirectoryGetSpire,PrintFactionMarkets spire,,,
ExerelinFactionDirectoryGetTemplars,DialogOptionSelected,$option == exerelinFactionDirectoryGetTemplars,PrintFactionMarkets templars,,,
ExerelinFactionDirectoryGetTiandong,DialogOptionSelected,$option == exerelinFactionDirectoryGetTiandong,PrintFactionMarkets tiandong,,,
ExerelinFactionDirectoryGetPbc,DialogOptionSelected,$option == exerelinFactionDirectoryGetPbc,PrintFactionMarkets pbc,,,
ExerelinFactionDirectoryGetTriTachyon,DialogOptionSelected,$option == exerelinFactionDirectoryGetTriTachyon,PrintFactionMarkets tritachyon,,,
ExerelinFactionDirectoryGetValkyrians,DialogOptionSelected,$option == exerelinFactionDirectoryGetValkyrians,PrintFactionMarkets valkyrian,,,
#END MARKET DIRECTORY OPTIONS,,,,,,
,,,,,,
#START AGENT OPTIONS,,,,,,
ExerelinMarketAgentOption,ExerelinMarketSpecial,"$hasMarket
$faction.id != $player.factionId
$faction.id != ""neutral""
$faction.id != ""player_npc""",SetEnabled exerelinUseAgent true,,2:exerelinUseAgent:Deploy an agent,
ExerelinMarketAgentOptionNoAgents,ExerelinMarketSpecial,"$hasMarket
$faction.id != $player.factionId
$faction.id != ""neutral""
$faction.id != ""player_npc""
!HasItem agent score:10","SetTooltip exerelinUseAgent ""You have no agents!""
SetEnabled exerelinUseAgent false",,,
#ExerelinMarketAgentOptionNoSneak,ExerelinMarketSpecial,"$hasMarket
$faction.id != $player.factionId
$faction.id != ""neutral""
$faction.id != ""player_npc""
$tradeMode == NONE
ArePatrolsNearby $faction.id 750 score:10","SetTooltip exerelinUseAgent ""The port is closed to you, and $faction patrols nearby prevent agent insertion.""
SetEnabled exerelinUseAgent false",,,
ExerelinMarketAgentOptionAlertLevelMaxed,ExerelinMarketSpecial,"$hasMarket
$faction.id != $player.factionId
$faction.id != ""neutral""
$faction.id != ""player_npc""
HasItem agent
$market.alertLevel >= 1","SetTooltip exerelinUseAgent ""Security forces are at maximum alertness; infiltration is not possible.""
SetEnabled exerelinUseAgent false",,,
ExerelinAgentOptionListMain,DialogOptionSelected,$option == exerelinUseAgent,"GetNumSpecialPeople
ShowVisual ""graphics/illustrations/quartermaster.jpg""
FireAll ExerelinAgentOption",,,
ExerelinAgentOptionNumAgents,ExerelinAgentOption,,SetTextHighlights $numAgents,You have $numAgents agent(s) to deploy.,,
ExerelinAgentOptionListGatherIntel,ExerelinAgentOption,,"SetTooltip exerelinAgentGatherIntel ""Gets the market's current stability, reserve size and security alert level.""",,exerelinAgentGatherIntel:Gather intel,
ExerelinAgentOptionListRaiseRelations,ExerelinAgentOption,,"SetTooltip exerelinAgentRaiseRelations ""Influence $theFaction to like your faction more. If it fails, there is a chance they will turn more hostile instead.""",,exerelinAgentRaiseRelations:Raise relations,
ExerelinAgentOptionListLowerRelations,ExerelinAgentOption,,"SetTooltip exerelinAgentLowerRelations ""Influence $theFaction to dislike one of your factions' enemies more. If your attempt is detected, both factions will be angry with you.""",,exerelinAgentLowerRelations:Lower relations,
ExerelinAgentOptionListDestabilizeMarket,ExerelinAgentOption,,"SetTooltip exerelinAgentDestabilizeMarket ""Attempt the use of terror methods to destabilize $market. There is a chance your agent will be detected, with serious diplomatic repercussions.""",,exerelinAgentDestabilizeMarket:Destabilize market,
ExerelinAgentOptionListBack,ExerelinAgentOption,,,,exerelinMarketSpecial:Back,
,,,,,,
ExerelinAgentGatherIntel,DialogOptionSelected,$option == exerelinAgentGatherIntel,"AgentGatherIntel
FireBest ExerelinAgentPostDeploy",,,
ExerelinAgentRaiseRelations,DialogOptionSelected,$option == exerelinAgentRaiseRelations,"AgentRaiseRelations
FireBest ExerelinAgentPostDeploy",,,
ExerelinAgentLowerRelations,DialogOptionSelected,$option == exerelinAgentLowerRelations,"AgentLowerRelations
FireBest ExerelinAgentPostDeploy",,,
ExerelinAgentDestabilizeMarket,DialogOptionSelected,"$option == exerelinAgentDestabilizeMarket
","AgentDestabilizeMarket
FireBest ExerelinAgentPostDeploy",,,
ExerelinAgentAfterDeploy,ExerelinAgentPostDeploy,HasItem agent,"GetNumSpecialPeople
FireAll ExerelinAgentOption",,,
ExerelinAgentAfterDeployNoMoreAgents,ExerelinAgentPostDeploy,!HasItem agent score:10,"$menuState = main 0
ShowDefaultVisual
FireAll PopulateOptions",You have no more agents to deploy.,,
ExerelinAgentAfterDeployAlertLevelMaxed,ExerelinAgentPostDeploy,$market.alertLevel >= 1 score:5,"$menuState = main 0
ShowDefaultVisual
FireAll PopulateOptions",Security is too tight for further agent insertions.,,
#END AGENT OPTIONS,,,,,,
,,,,,,
#START SABOTEUR OPTIONS,,,,,,
ExerelinMarketSaboteurOption,ExerelinMarketSpecial,"$hasMarket
$faction.id != $player.factionId
$faction.id != ""neutral""
$faction.id != ""player_npc""",SetEnabled exerelinUseSaboteur true,,3:exerelinUseSaboteur:Deploy a saboteur,
ExerelinMarketSaboteurOptionNoSaboteurs,ExerelinMarketSpecial,"$hasMarket
$faction.id != $player.factionId
$faction.id != ""neutral""
$faction.id != ""player_npc""
!HasItem saboteur","SetTooltip exerelinUseSaboteur ""You have no saboteurs!""
SetEnabled exerelinUseSaboteur false",,,
#ExerelinMarketSaboteurOptionNoSneak,ExerelinMarketSpecial,"$hasMarket
$faction.id != $player.factionId
$faction.id != ""neutral""
$faction.id != ""player_npc""
$tradeMode == NONE
ArePatrolsNearby $faction.id 750 score:10","SetTooltip exerelinUseSaboteur ""The port is closed to you, and $faction patrols nearby prevent saboteur insertion.""
SetEnabled exerelinUseSaboteur false",,,
ExerelinMarketSaboteurOptionAlertLevelMaxed,ExerelinMarketSpecial,"$hasMarket
$faction.id != $player.factionId
$faction.id != ""neutral""
$faction.id != ""player_npc""
HasItem agent
$market.alertLevel >= 1","SetTooltip exerelinUseAgent ""Security forces are at maximum alertness; infiltration is not possible.""
SetEnabled exerelinUseSaboteur false",,,
ExerelinSaboteurOptionListMain,DialogOptionSelected,$option == exerelinUseSaboteur,"GetNumSpecialPeople
ShowVisual ""graphics/illustrations/cargo_loading.jpg""
FireAll ExerelinSaboteurOption",,,
ExerelinSaboteurOptionNumSaboteurs,ExerelinSaboteurOption,,SetTextHighlights $numSaboteurs,You have $numSaboteurs saboteur(s) to deploy.,,
ExerelinSaboteurOptionListSabotageReserve,ExerelinSaboteurOption,,"SetTooltip exerelinSaboteurSabotageReserve ""Sabotages the reserve fleet on $market, weakening its ability to respond to invasions. Needless to say, this will be considered a hostile act if discovered.""",,exerelinSaboteurSabotageReserve:Sabotage reserve fleet,
ExerelinSaboteurOptionListDestroyFood,ExerelinSaboteurOption,,"SetTooltip exerelinSaboteurDestroyFood ""Destroys a large amount of food on $market, possibly provoking a destabilizing crisis.""",,exerelinSaboteurDestroyFood:Destroy food stockpiles,
ExerelinSaboteurOptionListBack,ExerelinSaboteurOption,,,,exerelinMarketSpecial:Back,
ExerelinSaboteurSabotageReserve,DialogOptionSelected,$option == exerelinSaboteurSabotageReserve,"SaboteurSabotageReserve
FireBest ExerelinSaboteurPostDeploy",,,
ExerelinSaboteurDestroyFood,DialogOptionSelected,$option == exerelinSaboteurDestroyFood,"SaboteurDestroyFood
FireBest ExerelinSaboteurPostDeploy",,,
ExerelinSaboteurAfterDeploy,ExerelinSaboteurPostDeploy,HasItem saboteur,"GetNumSpecialPeople
FireAll ExerelinSaboteurOption",,,
ExerelinSaboteurAfterDeployNoMoreSaboteurs,ExerelinSaboteurPostDeploy,!HasItem saboteur score:10,"$menuState = main 0
ShowDefaultVisual
FireAll PopulateOptions",You have no more saboteurs to deploy.,,
ExerelinSaboteurAfterDeployAlertLevelMaxed,ExerelinSaboteurPostDeploy,$market.alertLevel >= 1 score:5,"$menuState = main 0
ShowDefaultVisual
FireAll PopulateOptions",Security is too tight for further saboteur insertions.,,
#END SABOTEUR OPTIONS,,,,,,
,,,,,,
#START PRISONER OPTIONS,,,,,,
ExerelinMarketPrisonerOption,ExerelinMarketSpecial,"$hasMarket
$faction.id != ""neutral""
HasItem prisoner",SetEnabled exerelinUsePrisoner true,,4:exerelinUsePrisoner:Prisoner actions,
ExerelinMarketPrisonerOptionNoPrisoners,ExerelinMarketSpecial,"$hasMarket
$faction.id != ""neutral""
!HasItem prisoner","SetTooltip exerelinUsePrisoner ""You have no prisoners!""
SetEnabled exerelinUsePrisoner false",,4:exerelinUsePrisoner:Prisoner actions,
ExerelinPrisonerOptionListMain,DialogOptionSelected,$option == exerelinUsePrisoner,"GetNumSpecialPeople
ShowVisual ""graphics/illustrations/pirate_station.jpg""
FireAll ExerelinPrisonerOption",,,
ExerelinPrisonerOptionNumPrisoners,ExerelinPrisonerOption,,SetTextHighlights $numPrisoners,You have $numPrisoners prisoner(s).,,
ExerelinPrisonerOptionListRepatriate,ExerelinPrisonerOption,,"SetTooltip exerelinPrisonerRepatriate ""Release a prisoner for a reputation boost with $theFaction.""",,exerelinPrisonerRepatriate:Repatriate prisoner,
ExerelinPrisonerOptionListRansom,ExerelinPrisonerOption,"RepIsAtWorst $faction.id INHOSPITABLE
!IsPirateFaction $faction.id","GetPrisonerValue
SetTooltip exerelinPrisonerRansom ""Return a prisoner in exchange for a ransom of $ransomValue credits.""
SetTooltipHighlightColors exerelinPrisonerRansom buttonShortcut 
SetTooltipHighlights exerelinPrisonerRansom $ransomValue
SetEnabled exerelinPrisonerRansom true",,exerelinPrisonerRansom:Collect ransom,
ExerelinPrisonerOptionListRansomHostile,ExerelinPrisonerOption,"RepIsAtBest $faction.id HOSTILE
!IsPirateFaction $faction.id","SetTooltip exerelinPrisonerRansom ""$TheFaction is $relAdjective to you and refuses to consider any ransom payment.""
SetEnabled exerelinPrisonerRansom false",,exerelinPrisonerRansom:Collect ransom,
ExerelinPrisonerOptionListRansomPirates,ExerelinPrisonerOption,IsPirateFaction $faction.id,"SetTooltip exerelinPrisonerRansom ""Pirates do not pay ransom.""
SetEnabled exerelinPrisonerRansom false",,exerelinPrisonerRansom:Collect ransom,
ExerelinPrisonerOptionListSellSlave,ExerelinPrisonerOption,$tradeMode != NONE,"GetPrisonerValue
SetTooltip exerelinPrisonerSellSlave ""Sell a prisoner as a slave for $slaveValue credits. This will anger lawful factions.""
SetTooltipHighlightColors exerelinPrisonerSellSlave buttonShortcut 
SetTooltipHighlights exerelinPrisonerSellSlave $slaveValue
SetEnabled exerelinPrisonerSellSlave true",,exerelinPrisonerSellSlave:Sell as slave,
ExerelinPrisonerOptionListSellSlaveNoMarket,ExerelinPrisonerOption,$tradeMode == NONE,"SetTooltip exerelinPrisonerSellSlave ""You cannot dock with $market to perform this trade.""
SetEnabled exerelinPrisonerSellSlave false",,exerelinPrisonerSellSlave:Sell as slave,
ExerelinPrisonerOptionListBack,ExerelinPrisonerOption,,,,exerelinMarketSpecial:Back,
ExerelinPrisonerRepatriate,DialogOptionSelected,$option == exerelinPrisonerRepatriate,"PrisonerRepatriate
FireAll ExerelinPrisonerPostTrade",The prisoner has been repatriated.,,
ExerelinPrisonerRansom,DialogOptionSelected,$option == exerelinPrisonerRansom,"PrisonerRansom
SetTextHighlights $ransomValue
FireAll ExerelinPrisonerPostTrade",The prisoner has been ransomed for $ransomValue credits.,,
ExerelinPrisonerSellSlave,DialogOptionSelected,$option == exerelinPrisonerSellSlave,"PrisonerSellSlave
SetTextHighlights $slaveValue
FireAll ExerelinPrisonerPostTrade",You have sold the prisoner into slavery for $slaveValue credits.,,
ExerelinPrisonerAfterTrade,ExerelinPrisonerPostTrade,HasItem prisoner,"GetNumSpecialPeople
FireAll ExerelinPrisonerOption",,,
ExerelinPrisonerAfterTradeNoMorePrisoners,ExerelinPrisonerPostTrade,!HasItem prisoner,"$menuState = main 0
ShowDefaultVisual
FireAll PopulateOptions",You have no more prisoners.,,
#END PRISONER OPTIONS,,,,,,
,,,,,,
#START FACTION CHANGE OPTIONS,,,,,,
ExerelinMarketJoinFactionOption,ExerelinMarketSpecial,"$hasMarket
$faction.id != ""neutral""
$faction.id != ""independent""
$faction.id != ""player_npc""
$faction.id != $player.factionId
RepIsAtWorst $faction.id FRIENDLY",SetEnabled exerelinJoinFaction true,,exerelinJoinFaction:Join faction,
ExerelinMarketJoinFactionOptionUntrusted,ExerelinMarketSpecial,"$hasMarket
$faction.id != ""neutral""
$faction.id != ""independent""
$faction.id != ""player_npc""
$faction.id != $player.factionId
!RepIsAtWorst $faction.id FRIENDLY","SetTooltip exerelinJoinFaction ""$TheFaction do not trust you enough yet.""
SetEnabled exerelinJoinFaction false",,exerelinJoinFaction:Join faction,
ExerelinMarketLeaveFactionOption,ExerelinMarketSpecial,"$hasMarket
$faction.id != ""neutral""
$faction.id != ""player_npc""
$faction.id == $player.factionId",,,exerelinLeaveFaction:Leave faction,
,,,,,,
ExerelinJoinFaction,DialogOptionSelected,$option == exerelinJoinFaction,,Are you sure you want to join $theFaction?,"exerelinJoinFactionConfirm:Yes
exerelinMarketSpecial:No",
ExerelinJoinFactionConfirm,DialogOptionSelected,$option == exerelinJoinFactionConfirm,"JoinFaction $faction.id
FireAll ExerelinMarketSpecial",,,
ExerelinLeaveFaction,DialogOptionSelected,$option == exerelinLeaveFaction,,Are you sure you want to leave $theFaction?,"exerelinLeaveFactionConfirm:Yes
exerelinMarketSpecial:No",
ExerelinLeaveFactionConfirm,DialogOptionSelected,$option == exerelinLeaveFactionConfirm,"LeaveFaction
FireAll ExerelinMarketSpecial",,,
#END FACTION CHANGE OPTIONS,,,,,,
,,,,,,
#START FLEET REQUEST OPTIONS,,,,,,
ExerelinMarketFleetRequestOption,ExerelinMarketSpecial,"$hasMarket
$faction.id != ""neutral""",SetEnabled exerelinFleetRequestMenu true,,5:exerelinFleetRequestMenu:Request a fleet,
ExerelinMarketFleetRequestOptionNoBase,ExerelinMarketSpecial,"$hasMarket
$faction.id != ""neutral""
!IsFactionAlive $player.factionId
!IsFactionAlive player_npc","SetTooltip exerelinFleetRequestMenu ""Your faction has no base to launch a fleet from.""
SetEnabled exerelinFleetRequestMenu false",,,
ExerelinFleetRequestOptionListMain,DialogOptionSelected,$option == exerelinFleetRequestMenu,"$fleetRequestFP = 15
$fleetRequestMarines=0
ShowVisual ""graphics/illustrations/hound_hangar.jpg""
FireAll ExerelinFleetRequestOption",,,
ExerelinFleetRequestOptionListFire,ExerelinFleetRequestOption,FleetRequestCanAfford,"SetTooltip exerelinFleetRequestFire ""Deploying this fleet to $market will require $creditsRequiredForFleet credits. $player.creditsHave credits are available.""
SetEnabled exerelinFleetRequestFire true
SetTooltipHighlightColors exerelinFleetRequestFire buttonShortcut buttonShortcut
SetTooltipHighlights exerelinFleetRequestFire $creditsRequiredForFleet $player.creditsHave",,exerelinFleetRequestFire:Request a fleet,
ExerelinFleetRequestOptionListFireNoMarkets,ExerelinFleetRequestOption,"FleetRequestCanAfford
!IsFactionAlive $player.factionId score:100","SetTooltip exerelinFleetRequestFire ""Your faction has no base to launch the fleet from.""
SetEnabled exerelinFleetRequestFire false",,exerelinFleetRequestFire:Request a fleet,
ExerelinFleetRequestOptionListFireNotEnoughCredits,ExerelinFleetRequestOption,"!FleetRequestCanAfford score:100
IsFactionAlive $player.factionId","SetTooltip exerelinFleetRequestFire ""Deploying this fleet to $market will require $creditsRequiredForFleet credits. Only $player.creditsHave credits are available.""
SetEnabled exerelinFleetRequestFire false
SetTooltipHighlightColors exerelinFleetRequestFire buttonShortcut buttonShortcut
SetTooltipHighlights exerelinFleetRequestFire $creditsRequiredForFleet $player.creditsHave",,exerelinFleetRequestFire:Request a fleet,
ExerelinFleetRequestOptionListChangeFP,ExerelinFleetRequestOption,,,,exerelinFleetRequestChangeFP:Fleet points - $fleetRequestFP,
ExerelinFleetRequestOptionListChangeMarineCount,ExerelinFleetRequestOption,FleetRequestCanInvade,"SetEnabled exerelinFleetRequestChangeMarineCount true
SetTooltip exerelinFleetRequestChangeMarineCount ""Carrying marines will make this fleet an invasion fleet. Dispatching one will be considered a hostile act.""",,exerelinFleetRequestChangeMarineCount:Marines to deploy - $fleetRequestMarines,
ExerelinFleetRequestOptionListChangeMarineCountInvalid,ExerelinFleetRequestOption,!FleetRequestCanInvade,"SetTooltip exerelinFleetRequestChangeMarineCount ""This market is not an eligible invasion target.""
SetEnabled exerelinFleetRequestChangeMarineCount false",,exerelinFleetRequestChangeMarineCount:Marines to deploy - $fleetRequestMarines,
ExerelinFleetRequestOptionListBack,ExerelinFleetRequestOption,,,,exerelinMarketSpecial:Back,
,,,,,,
ExerelinFleetRequestChangeFP,DialogOptionSelected,$option == exerelinFleetRequestChangeFP,"FleetRequestChangeFP
FireAll ExerelinFleetRequestOption",,,
ExerelinFleetRequestChangeMarineCount,DialogOptionSelected,$option == exerelinFleetRequestChangeMarineCount,"FleetRequestChangeMarineCount
FireAll ExerelinFleetRequestOption",,,
ExerelinFleetRequestFire,DialogOptionSelected,$option == exerelinFleetRequestFire,"FleetRequestFire
FireAll ExerelinFleetRequestOption",,,
#END FLEET REQUEST OPTIONS,,,,,,
,,,,,,
#START MINING OPTIONS,,,,,,
ExerelinMiningOpen,OpenInteractionDialog,$canMine,"ShowDefaultVisual
PrintDescription 3",Your $shipOrFleet approaches $entityName.,"exerelinMiningPreview:Mine planet
marketLeave:Leave",
ExerelinMiningOpenAsteroid,OpenInteractionDialog,"$canMine
$isAsteroid","ShowDefaultVisual
PrintDescription 3",Your $shipOrFleet approaches the asteroid.,"exerelinMiningPreview:Mine asteroid
marketLeave:Leave",
ExerelinMiningPreview,DialogOptionSelected,$option == exerelinMiningPreview,"PrintMiningInfo
FireAll ExerelinMiningOption",,,
ExerelinMiningMineOption,ExerelinMiningOption,$global.miningStrength > 0,SetEnabled exerelinMiningStart true,,"exerelinMiningStart:Start mining
marketLeave:Leave",
ExerelinMiningMineOptionNoMiners,ExerelinMiningOption,$global.miningStrength <= 0,"SetTooltip exerelinMiningStart""You have no ships capable of mining.""
SetEnabled exerelinMiningStart false",,"exerelinMiningStart:Start mining
marketLeave:Leave",
ExerelinMiningStart,DialogOptionSelected,"$canMine
$option == exerelinMiningStart","Wait $global.miningWait 1.0 $global.miningFinished $global.miningInterrupted $global.miningInProgress ""Mining...""
MakePlayerImmediatelyAttackable",,,
ExerelinMiningInterrupted,BeginFleetEncounter,$global.miningInProgress,AbortWait $global.miningWait,Contact with the other fleet suspends mining operations.,,
ExerelinMiningComplete,OpenInteractionDialog,"$canMine
$global.miningFinished score:3","GetMiningResults 1
ShowDefaultVisual",Your $shipOrFleet has completed mining on $entityName.,"exerelinMiningPreview:Mine again
marketLeave:Leave",
,,,,,,
#ExerelinMiningBack,DialogOptionSelected,$option == exerelinMiningBack,"$menuState = main 0
FireAll PopulateOptions",,,
#END MINING OPTIONS,,,,,,
,,,,,,
# Player fleet greeting lines,,,,,,
greetingPlayerNPCFriendly,OpenCommLink,"$faction.id == player_npc
$faction.friendlyToPlayer","$menuState = fleetConvMain 0
FireAll PopulateOptions","""Good to see you, chief. Is there anything we can do for you?""",,
greetingPlayerNPCHostileWeaker,OpenCommLink,"$faction.id == player_npc
$faction.hostileToPlayer
$relativeStrength < 0",$entity.ignorePlayerCommRequests = true 0,"""Fine, fine, we're sorry for defying you! Just don't kill us!""",,
greetingPlayerNPCHostileWeakerDefiant,OpenCommLink,"$faction.id == player_npc
$faction.hostileToPlayer
$relativeStrength < 0
$weakerThanPlayerButHolding",$entity.ignorePlayerCommRequests = true 0,"The $personRank looks grim but defiant. ""We won't back down from you, tyrant,"" $heOrShe says.",,
greetingPlayerNPCHostileStronger,OpenCommLink,"$faction.id == player_npc
$faction.hostileToPlayer
$relativeStrength >= 0",$entity.ignorePlayerCommRequests = true 0,"""You have betrayed us. Prepare to die.""",,
greetingPlayerNPCNeutral,OpenCommLink,"$faction.id == player_npc
$faction.neutralToPlayer","$menuState = fleetConvMain 0
FireAll PopulateOptions","""Just another day at the office.""",,
,,,,,,
# not needed at present,,,,,,
#tOffPatrolOpenCommTOnPlayerNPC,OpenCommLink,"$entity.transponderOffConv score:100
$player.transponderOn
$faction.id == player_npc score:100","AddText ""\Don't screw around with your transponder in our space, damnit! Uh. Chief.\""""
$sawPlayerWithTOffCount = 0",,,
#tOffCargoScanPlayerNPC,DialogOptionSelected,"$option == tOff_scan_continue
$faction.id == player_npc score:100
!$faction.hostileToPlayer",$sawPlayerWithTOffCount = 0,"Moments later, $PersonRank $personName reappears, looking vaguely flustered and embarassed.

""Sorry, chief. Didn't recognize you with your transponder off. You can go, now.""",0:tOff_cleanCont1:Continue,
,,,,,,
,,,,,,
# bla,,,,,,
ExerelinFlavorTextMarketOmnifactory,TradePanelFlavorText,"$global.tradePanelMode == MARKET
$market.id == omnifactory","AddText ""The Omnifactory's main loading bay is a dark, brooding chamber gaping cavernously around stacks of replicated items - clearly, the maintaining AI lacks the cleanliness sensibility of the average human. A loading bots shuffles about with large crates in hand as nano-fabricators hum in the distance."" textGrayColor",,,
ExerelinFlavorTextMarketPrismFreeport,TradePanelFlavorText,"$global.tradePanelMode == MARKET
$market.id == prismFreeport","AddText ""Bright, slick, overusing chrome and opal ornaments, the concourse is quite the unusual sight for a station lost in hyperspace. Wherever the eye looks, every detail spells luxury. On the sides, behind extravagant transparent promenades, the source of all this wealth is offered to the observation of all potential buyers: the menacing and yet reassuring silhouettes of ships from all origins, all pristine looking and advantageously lit. A bit further it's the weapons that are exposed in the same fashion. Holo displays and simulators are available everywhere to help clients to find the perfect tool to fit their needs."" textGrayColor",,,
ExerelinMarketOptionIntel,DialogOptionSelected,$option == exerelinMarketIntel,OpenCoreTab INTEL $tradeMode,,,
ExerelinMarketOptionAlliances,DialogOptionSelected,$option == exerelinAllianceReport,PrintAlliances,,,
#ExerelinPostOpenMarketPrismHostile,MarketPostOpen,"$hasMarket
$market.id == prismFreeport score:100
RepIsAtBest $faction.id INHOSPITABLE","$menuState = main 0
$tradeMode = OPEN 0
FireAll PopulateOptions","While $theFactionLong $factionIsOrAre generally $relAdjective towards you, the Prism Freeport itself takes no sides. The port authority grants you docking clearance after only a slight delay.",,
,,,,,,
# vanilla overrides,,,,,,
#marketPostOpenInhospitable,MarketPostOpen,"$hasMarket
RepIsAtBest $faction.id INHOSPITABLE
!IsPirateFaction $faction.id","FireBest PickSneakType
FireAll PopulateOptions","$TheFactionLong $factionIsOrAre $relAdjective towards you, and the port authority refuses your request for docking clearance.",,
#marketPostOpenInhospitablePirates,MarketPostOpen,"$hasMarket
RepIsAtBest $faction.id VENGEFUL
IsPirateFaction $faction.id","FireBest PickSneakType
FireAll PopulateOptions","You're rather well known among $theFactionLong, and not for the right reasons, as far as they're concerned.",,
#marketPostOpenPiratesHostile,MarketPostOpen,"$hasMarket
IsPirateFaction $faction.id
RepIsAtBest $faction.id INHOSPITABLE
RepIsAtWorst $faction.id HOSTILE","$menuState = main 0
$tradeMode = OPEN 0
FireAll PopulateOptions","While $theFactionLong are generally $relAdjective towards you, that's not all that different from how they see other rival captains. The port authority, such as it is, grants you docking clearance after only a slight delay.",,
,,,,,,
commRelayOpen,OpenInteractionDialog,"$tag:comm_relay
!$hasMarket","ShowDefaultVisual
FireBest InitCommRelayDialog",,,
commRelayAddOptionInstallSniffer,PopulateOptions,"$tag:comm_relay
!$hasMarket
$menuState == main
!$commSnifferInstalled",,,0:csInstall:Install a comm sniffer,
commRelaySaySnifferRunning,PopulateOptions,"$tag:comm_relay
!$hasMarket
$menuState == main
$commSnifferInstalled
!$saidCommSnifferRunning",$saidCommSnifferRunning = true 0,You've got a comm sniffer running on this relay.,,
commRelayAddOptionUninstallSniffer,PopulateOptions,"$tag:comm_relay
!$hasMarket
$menuState == main
$commSnifferInstalled",,,0:csUninstall:Uninstall the comm sniffer,
,,,,,,
commRelayAddOptionLeave,PopulateOptions,"$tag:comm_relay
!$hasMarket
$menuState == main","SetShortcut crLeave ""ESCAPE""",,100:crLeave:Leave,
,,,,,,
dialogHegRelayInterference_openWarnedBefore,OpenCommLink,"$entity.respondingToCommRelayInterference score:100
$entity.timesSawPlayerInterferingWithRelay > 1","$entity.ignorePlayerCommRequests = true 1
$entity.exerelinFleetAggressAgainstPlayer = true 1","""I've already told you not to mess with $faction hardware. Maybe this'll reinforce the message.""

The comm link is cut before you can begin to respond.",continueCutComm:Continue,
dialogHegRelayInterference_cut_1,DialogOptionSelected,"$entity.respondingToCommRelayInterference score:100
!$playerAcknowledgedRelayInterferenceWarning
$option == cutCommLink","$entity.ignorePlayerCommRequests = true 1
$entity.exerelinFleetAggressAgainstPlayer = true 1
unset $entity.respondingToCommRelayInterference
unset $entity.core_fleetBusy
MakeOtherFleetHostile sniffer true
ShowDefaultVisual
EndConversation","You cut the comm link without acknowledging $PersonRank $personName's words. As $hisOrHer $otherShipOrFleet maintains an aggressive posture, that may not have been the best means of obtaining a peaceful resolution.",,
,,,,,,
tOffCargoScanHostile,DialogOptionSelected,"$option == tOff_scan_continue
$entity.isHostile","ShowDefaultVisual
EndConversation
$entity.exerelinFleetAggressAgainstPlayer = true 1","However, instead of proceeding with the scan, the $faction $fleetName shuts down comms and powers up combat systems.",,
tOffPatrolOpenCommNotFirstTime,OpenCommLink,"$entity.transponderOffConv score:100
$entity.sawPlayerWithTOffCount == 2.0 score:10
$entity.relativeStrength >= 0","AddText""\""I told you last time to keep your transponder on.\""""
AdjustRep $faction.id TRANSPONDER_OFF
AdjustRepActivePerson TRANSPONDER_OFF
AddText ""The comm link is cut before you have a chance to respond.""
$entity.ignorePlayerCommRequests = true 0
$entity.exerelinFleetAggressAgainstPlayer = true 1
unset $entity.transponderOffConv",,0:tOff_notFirstTimeCont:Continue,
tOffRefuse,DialogOptionSelected,$option == tOff_refuse,"$entity.ignorePlayerCommRequests = true 0
$entity.exerelinFleetAggressAgainstPlayer = true 1
unset $entity.transponderOffConv
AdjustRep $faction.id TRANSPONDER_OFF_REFUSE
AdjustRepActivePerson TRANSPONDER_OFF_REFUSE
MakeHostileWhileTOff tOff true 7
ShowDefaultVisual
EndConversation",,,
,,,,,,
,,,,,,
,,,,,,
customsInspectionDisagree,DialogOptionSelected,"$doingCustomsInspection score:100
$option == ciDisagree","AdjustRep $faction.id CUSTOMS_REFUSED_TOLL
$ignorePlayerCommRequests = true 1
$exerelinFleetAggressAgainstPlayer = true 1
#MakeNearbyFleetsHostile $faction.id 2000 10
EndConversation","""Oh? That's something you're going to regret.""

The comm link is cut before you have a chance to respond.",,
customsInspectionEndingHostile,CustomsInspectionEndHostile,,"unset $doingCustomsInspection
$exerelinFleetAggressAgainstPlayer = true 1
$ignorePlayerCommRequests = true 1
EndConversation",,,
,,,,,,
#Templar overrides,,,,,,
ExerelinMarketPostOpenTemplars,MarketPostOpen,"!$doesFakeVariableExist score:999
$hasMarket
$faction.id == templars score:1000
RepIsAtWorst $faction.id WELCOMING","$menuState = main 0
$tradeMode = OPEN 0
FireAll PopulateOptions",,,
ExerelinMarketPostOpenTemplarsHostile,MarketPostOpen,"!$doesFakeVariableExist score:999
$hasMarket
$faction.id == templars score:1000
RepIsAtBest $faction.id SUSPICIOUS","$marketLeaveTooltip = ""$TheFaction do not trade with outsiders."" 0
$menuState = main 0
$tradeMode = NONE 0
FireAll PopulateOptions","The only communication you can get from the port is: ""Begone from this holy land, heathen. Thy cleansing shall yet come.""",,
ExerelinMarketPostOpenTemplarsUntrustworthy,MarketPostOpen,"!$doesFakeVariableExist score:999
$hasMarket
$faction.id == templars score:1000
RepIsAtBest $faction.id FAVORABLE
RepIsAtWorst $faction.id NEUTRAL","$marketLeaveTooltip = ""$TheFaction does not trust you enough."" 0
$menuState = main 0
$tradeMode = NONE 0
FireAll PopulateOptions","While $theFaction $factionIsOrAre $relAdjective towards you, they do not trust you enough to grant you docking access at $market. You are issued a stern order to leave the system.",,
,,,,,,
# Tiandong overrides,,,,,,
ExerelinFlavorTextMarketTiandongShanghai,TradePanelFlavorText,"$global.tradePanelMode == MARKET
$faction.id == tiandong
$tag:shanghai","AddText ""Posh olive-green pillows and scented candles greet you as you enter the grand lobby, a vast entry area for the myriad travellers who journey to Shanghai. A hundred-meter-tall holographic map of the station hovers overhead, illuminating the area in warm light. Ahead, a wide hallway leads to the primary trade center."" textGrayColor
AddText ""The hallway opens to a large, open bazaar. While the structure is clearly a large warehouse being used as a flea market, in truth it resembles a small city. Market stalls of every shape and size, trading venues, infotainment booths, concession stands, and even a brothel is littered throughout, creating a haphazard series of streets and alleys. Armed Tiandong agents patrol the makeshift roads, breaking up fights and helping the occasional lost quartermaster."" textGrayColor",,,
